stage,chain,draw,diverging
base,0,0,False
base,0,1,False
base,0,2,False
base,0,3,False
base,0,4,False
base,0,5,False
base,0,6,False
base,0,7,False
base,0,8,False
base,0,9,False
base,0,10,False
base,0,11,False
base,0,12,False
base,0,13,False
base,0,14,False
base,0,15,False
base,0,16,False
base,0,17,False
base,0,18,False
base,0,19,False
base,0,20,False
base,0,21,False
base,0,22,False
base,0,23,False
base,0,24,False
base,0,25,False
base,0,26,False
base,0,27,False
base,0,28,False
base,0,29,False
base,0,30,False
base,0,31,False
base,0,32,False
base,0,33,False
base,0,34,False
base,0,35,False
base,0,36,False
base,0,37,False
base,0,38,False
base,0,39,False
base,0,40,False
base,0,41,False
base,0,42,False
base,0,43,False
base,0,44,False
base,0,45,False
base,0,46,False
base,0,47,False
base,0,48,False
base,0,49,False
base,0,50,False
base,0,51,False
base,0,52,False
base,0,53,False
base,0,54,False
base,0,55,False
base,0,56,False
base,0,57,False
base,0,58,False
base,0,59,False
base,0,60,False
base,0,61,False
base,0,62,False
base,0,63,False
base,0,64,False
base,0,65,False
base,0,66,False
base,0,67,False
base,0,68,False
base,0,69,False
base,0,70,False
base,0,71,False
base,0,72,False
base,0,73,False
base,0,74,False
base,0,75,False
base,0,76,False
base,0,77,False
base,0,78,False
base,0,79,False
base,0,80,False
base,0,81,False
base,0,82,False
base,0,83,False
base,0,84,False
base,0,85,False
base,0,86,False
base,0,87,False
base,0,88,False
base,0,89,False
base,0,90,False
base,0,91,False
base,0,92,False
base,0,93,False
base,0,94,False
base,0,95,False
base,0,96,False
base,0,97,False
base,0,98,False
base,0,99,False
base,0,100,False
base,0,101,False
base,0,102,False
base,0,103,False
base,0,104,False
base,0,105,False
base,0,106,False
base,0,107,False
base,0,108,False
base,0,109,False
base,0,110,False
base,0,111,False
base,0,112,False
base,0,113,False
base,0,114,False
base,0,115,False
base,0,116,False
base,0,117,False
base,0,118,False
base,0,119,False
base,0,120,False
base,0,121,False
base,0,122,False
base,0,123,False
base,0,124,False
base,0,125,False
base,0,126,False
base,0,127,False
base,0,128,False
base,0,129,False
base,0,130,False
base,0,131,False
base,0,132,False
base,0,133,False
base,0,134,False
base,0,135,False
base,0,136,False
base,0,137,False
base,0,138,False
base,0,139,False
base,0,140,False
base,0,141,False
base,0,142,False
base,0,143,False
base,0,144,False
base,0,145,False
base,0,146,False
base,0,147,False
base,0,148,False
base,0,149,False
base,0,150,False
base,0,151,False
base,0,152,False
base,0,153,False
base,0,154,False
base,0,155,False
base,0,156,False
base,0,157,False
base,0,158,False
base,0,159,False
base,0,160,False
base,0,161,False
base,0,162,False
base,0,163,False
base,0,164,False
base,0,165,False
base,0,166,False
base,0,167,False
base,0,168,False
base,0,169,False
base,0,170,False
base,0,171,False
base,0,172,False
base,0,173,False
base,0,174,False
base,0,175,False
base,0,176,False
base,0,177,False
base,0,178,False
base,0,179,False
base,0,180,False
base,0,181,False
base,0,182,False
base,0,183,False
base,0,184,False
base,0,185,False
base,0,186,False
base,0,187,False
base,0,188,False
base,0,189,False
base,0,190,False
base,0,191,False
base,0,192,False
base,0,193,False
base,0,194,False
base,0,195,False
base,0,196,False
base,0,197,False
base,0,198,False
base,0,199,False
base,0,200,False
base,0,201,False
base,0,202,False
base,0,203,False
base,0,204,False
base,0,205,False
base,0,206,False
base,0,207,False
base,0,208,False
base,0,209,False
base,0,210,False
base,0,211,False
base,0,212,False
base,0,213,False
base,0,214,False
base,0,215,False
base,0,216,False
base,0,217,False
base,0,218,False
base,0,219,False
base,0,220,False
base,0,221,False
base,0,222,False
base,0,223,False
base,0,224,False
base,0,225,False
base,0,226,False
base,0,227,False
base,0,228,False
base,0,229,False
base,0,230,False
base,0,231,False
base,0,232,False
base,0,233,False
base,0,234,False
base,0,235,False
base,0,236,False
base,0,237,False
base,0,238,False
base,0,239,False
base,0,240,False
base,0,241,False
base,0,242,False
base,0,243,False
base,0,244,False
base,0,245,False
base,0,246,False
base,0,247,False
base,0,248,False
base,0,249,False
base,0,250,False
base,0,251,False
base,0,252,False
base,0,253,False
base,0,254,False
base,0,255,False
base,0,256,False
base,0,257,False
base,0,258,False
base,0,259,False
base,0,260,False
base,0,261,False
base,0,262,False
base,0,263,False
base,0,264,False
base,0,265,False
base,0,266,False
base,0,267,False
base,0,268,False
base,0,269,False
base,0,270,False
base,0,271,False
base,0,272,False
base,0,273,False
base,0,274,False
base,0,275,False
base,0,276,False
base,0,277,False
base,0,278,False
base,0,279,False
base,0,280,False
base,0,281,False
base,0,282,False
base,0,283,False
base,0,284,False
base,0,285,False
base,0,286,False
base,0,287,False
base,0,288,False
base,0,289,False
base,0,290,False
base,0,291,False
base,0,292,False
base,0,293,False
base,0,294,False
base,0,295,False
base,0,296,False
base,0,297,False
base,0,298,False
base,0,299,False
base,0,300,False
base,0,301,False
base,0,302,False
base,0,303,False
base,0,304,False
base,0,305,False
base,0,306,False
base,0,307,False
base,0,308,False
base,0,309,False
base,0,310,False
base,0,311,False
base,0,312,False
base,0,313,False
base,0,314,False
base,0,315,False
base,0,316,False
base,0,317,False
base,0,318,False
base,0,319,False
base,0,320,False
base,0,321,False
base,0,322,False
base,0,323,False
base,0,324,False
base,0,325,False
base,0,326,False
base,0,327,False
base,0,328,False
base,0,329,False
base,0,330,False
base,0,331,False
base,0,332,False
base,0,333,False
base,0,334,False
base,0,335,False
base,0,336,False
base,0,337,False
base,0,338,False
base,0,339,False
base,0,340,False
base,0,341,False
base,0,342,False
base,0,343,False
base,0,344,False
base,0,345,False
base,0,346,False
base,0,347,False
base,0,348,False
base,0,349,False
base,0,350,False
base,0,351,False
base,0,352,False
base,0,353,False
base,0,354,False
base,0,355,False
base,0,356,False
base,0,357,False
base,0,358,False
base,0,359,False
base,0,360,False
base,0,361,False
base,0,362,False
base,0,363,False
base,0,364,False
base,0,365,False
base,0,366,False
base,0,367,False
base,0,368,False
base,0,369,False
base,0,370,False
base,0,371,False
base,0,372,False
base,0,373,False
base,0,374,False
base,0,375,False
base,0,376,False
base,0,377,False
base,0,378,False
base,0,379,False
base,0,380,False
base,0,381,False
base,0,382,False
base,0,383,False
base,0,384,False
base,0,385,False
base,0,386,False
base,0,387,False
base,0,388,False
base,0,389,False
base,0,390,False
base,0,391,False
base,0,392,False
base,0,393,False
base,0,394,False
base,0,395,False
base,0,396,False
base,0,397,False
base,0,398,False
base,0,399,False
base,0,400,False
base,0,401,False
base,0,402,False
base,0,403,False
base,0,404,False
base,0,405,False
base,0,406,False
base,0,407,False
base,0,408,False
base,0,409,False
base,0,410,False
base,0,411,False
base,0,412,False
base,0,413,False
base,0,414,False
base,0,415,False
base,0,416,False
base,0,417,False
base,0,418,False
base,0,419,False
base,0,420,False
base,0,421,False
base,0,422,False
base,0,423,False
base,0,424,False
base,0,425,False
base,0,426,False
base,0,427,False
base,0,428,False
base,0,429,False
base,0,430,False
base,0,431,False
base,0,432,False
base,0,433,False
base,0,434,False
base,0,435,False
base,0,436,False
base,0,437,False
base,0,438,False
base,0,439,False
base,0,440,False
base,0,441,False
base,0,442,False
base,0,443,False
base,0,444,False
base,0,445,False
base,0,446,False
base,0,447,False
base,0,448,False
base,0,449,False
base,0,450,False
base,0,451,False
base,0,452,False
base,0,453,False
base,0,454,False
base,0,455,False
base,0,456,False
base,0,457,False
base,0,458,False
base,0,459,False
base,0,460,False
base,0,461,False
base,0,462,False
base,0,463,False
base,0,464,False
base,0,465,False
base,0,466,False
base,0,467,False
base,0,468,False
base,0,469,False
base,0,470,False
base,0,471,False
base,0,472,False
base,0,473,False
base,0,474,False
base,0,475,False
base,0,476,False
base,0,477,False
base,0,478,False
base,0,479,False
base,0,480,False
base,0,481,False
base,0,482,False
base,0,483,False
base,0,484,False
base,0,485,False
base,0,486,False
base,0,487,False
base,0,488,False
base,0,489,False
base,0,490,False
base,0,491,False
base,0,492,False
base,0,493,False
base,0,494,False
base,0,495,False
base,0,496,False
base,0,497,False
base,0,498,False
base,0,499,False
base,0,500,False
base,0,501,False
base,0,502,False
base,0,503,False
base,0,504,False
base,0,505,False
base,0,506,False
base,0,507,False
base,0,508,False
base,0,509,False
base,0,510,False
base,0,511,False
base,0,512,False
base,0,513,False
base,0,514,False
base,0,515,False
base,0,516,False
base,0,517,False
base,0,518,False
base,0,519,False
base,0,520,False
base,0,521,False
base,0,522,False
base,0,523,False
base,0,524,False
base,0,525,False
base,0,526,False
base,0,527,False
base,0,528,False
base,0,529,False
base,0,530,False
base,0,531,False
base,0,532,False
base,0,533,False
base,0,534,False
base,0,535,False
base,0,536,False
base,0,537,False
base,0,538,False
base,0,539,False
base,0,540,False
base,0,541,False
base,0,542,False
base,0,543,False
base,0,544,False
base,0,545,False
base,0,546,False
base,0,547,False
base,0,548,False
base,0,549,False
base,0,550,False
base,0,551,False
base,0,552,False
base,0,553,False
base,0,554,False
base,0,555,False
base,0,556,False
base,0,557,False
base,0,558,False
base,0,559,False
base,0,560,False
base,0,561,False
base,0,562,False
base,0,563,False
base,0,564,False
base,0,565,False
base,0,566,False
base,0,567,False
base,0,568,False
base,0,569,False
base,0,570,False
base,0,571,False
base,0,572,False
base,0,573,False
base,0,574,False
base,0,575,False
base,0,576,False
base,0,577,False
base,0,578,False
base,0,579,False
base,0,580,False
base,0,581,False
base,0,582,False
base,0,583,False
base,0,584,False
base,0,585,False
base,0,586,False
base,0,587,False
base,0,588,False
base,0,589,False
base,0,590,False
base,0,591,False
base,0,592,False
base,0,593,False
base,0,594,False
base,0,595,False
base,0,596,False
base,0,597,False
base,0,598,False
base,0,599,False
base,0,600,False
base,0,601,False
base,0,602,False
base,0,603,False
base,0,604,False
base,0,605,False
base,0,606,False
base,0,607,False
base,0,608,False
base,0,609,False
base,0,610,False
base,0,611,False
base,0,612,False
base,0,613,False
base,0,614,False
base,0,615,False
base,0,616,False
base,0,617,False
base,0,618,False
base,0,619,False
base,0,620,False
base,0,621,False
base,0,622,False
base,0,623,False
base,0,624,False
base,0,625,False
base,0,626,False
base,0,627,False
base,0,628,False
base,0,629,False
base,0,630,False
base,0,631,False
base,0,632,False
base,0,633,False
base,0,634,False
base,0,635,False
base,0,636,False
base,0,637,False
base,0,638,False
base,0,639,False
base,0,640,False
base,0,641,False
base,0,642,False
base,0,643,False
base,0,644,False
base,0,645,False
base,0,646,False
base,0,647,False
base,0,648,False
base,0,649,False
base,0,650,False
base,0,651,False
base,0,652,False
base,0,653,False
base,0,654,False
base,0,655,False
base,0,656,False
base,0,657,False
base,0,658,False
base,0,659,False
base,0,660,False
base,0,661,False
base,0,662,False
base,0,663,False
base,0,664,False
base,0,665,False
base,0,666,False
base,0,667,False
base,0,668,False
base,0,669,False
base,0,670,False
base,0,671,False
base,0,672,False
base,0,673,False
base,0,674,False
base,0,675,False
base,0,676,False
base,0,677,False
base,0,678,False
base,0,679,False
base,0,680,False
base,0,681,False
base,0,682,False
base,0,683,False
base,0,684,False
base,0,685,False
base,0,686,False
base,0,687,False
base,0,688,False
base,0,689,False
base,0,690,False
base,0,691,False
base,0,692,False
base,0,693,False
base,0,694,False
base,0,695,False
base,0,696,False
base,0,697,False
base,0,698,False
base,0,699,False
base,0,700,False
base,0,701,False
base,0,702,False
base,0,703,False
base,0,704,False
base,0,705,False
base,0,706,False
base,0,707,False
base,0,708,False
base,0,709,False
base,0,710,False
base,0,711,False
base,0,712,False
base,0,713,False
base,0,714,False
base,0,715,False
base,0,716,False
base,0,717,False
base,0,718,False
base,0,719,False
base,0,720,False
base,0,721,False
base,0,722,False
base,0,723,False
base,0,724,False
base,0,725,False
base,0,726,False
base,0,727,False
base,0,728,False
base,0,729,False
base,0,730,False
base,0,731,False
base,0,732,False
base,0,733,False
base,0,734,False
base,0,735,False
base,0,736,False
base,0,737,False
base,0,738,False
base,0,739,False
base,0,740,False
base,0,741,False
base,0,742,False
base,0,743,False
base,0,744,False
base,0,745,False
base,0,746,False
base,0,747,False
base,0,748,False
base,0,749,False
base,0,750,False
base,0,751,False
base,0,752,False
base,0,753,False
base,0,754,False
base,0,755,False
base,0,756,False
base,0,757,False
base,0,758,False
base,0,759,False
base,0,760,False
base,0,761,False
base,0,762,False
base,0,763,False
base,0,764,False
base,0,765,False
base,0,766,False
base,0,767,False
base,0,768,False
base,0,769,False
base,0,770,False
base,0,771,False
base,0,772,False
base,0,773,False
base,0,774,False
base,0,775,False
base,0,776,False
base,0,777,False
base,0,778,False
base,0,779,False
base,0,780,False
base,0,781,False
base,0,782,False
base,0,783,False
base,0,784,False
base,0,785,False
base,0,786,False
base,0,787,False
base,0,788,False
base,0,789,False
base,0,790,False
base,0,791,False
base,0,792,False
base,0,793,False
base,0,794,False
base,0,795,False
base,0,796,False
base,0,797,False
base,0,798,False
base,0,799,False
base,0,800,False
base,0,801,False
base,0,802,False
base,0,803,False
base,0,804,False
base,0,805,False
base,0,806,False
base,0,807,False
base,0,808,False
base,0,809,False
base,0,810,False
base,0,811,False
base,0,812,False
base,0,813,False
base,0,814,False
base,0,815,False
base,0,816,False
base,0,817,False
base,0,818,False
base,0,819,False
base,0,820,False
base,0,821,False
base,0,822,False
base,0,823,False
base,0,824,False
base,0,825,False
base,0,826,False
base,0,827,False
base,0,828,False
base,0,829,False
base,0,830,False
base,0,831,False
base,0,832,False
base,0,833,False
base,0,834,False
base,0,835,False
base,0,836,False
base,0,837,False
base,0,838,False
base,0,839,False
base,0,840,False
base,0,841,False
base,0,842,False
base,0,843,False
base,0,844,False
base,0,845,False
base,0,846,False
base,0,847,False
base,0,848,False
base,0,849,False
base,0,850,False
base,0,851,False
base,0,852,False
base,0,853,False
base,0,854,False
base,0,855,False
base,0,856,False
base,0,857,False
base,0,858,False
base,0,859,False
base,0,860,False
base,0,861,False
base,0,862,False
base,0,863,False
base,0,864,False
base,0,865,False
base,0,866,False
base,0,867,False
base,0,868,False
base,0,869,False
base,0,870,False
base,0,871,False
base,0,872,False
base,0,873,False
base,0,874,False
base,0,875,False
base,0,876,False
base,0,877,False
base,0,878,False
base,0,879,False
base,0,880,False
base,0,881,False
base,0,882,False
base,0,883,False
base,0,884,False
base,0,885,False
base,0,886,False
base,0,887,False
base,0,888,False
base,0,889,False
base,0,890,False
base,0,891,False
base,0,892,False
base,0,893,False
base,0,894,False
base,0,895,False
base,0,896,False
base,0,897,False
base,0,898,False
base,0,899,False
base,0,900,False
base,0,901,False
base,0,902,False
base,0,903,False
base,0,904,False
base,0,905,False
base,0,906,False
base,0,907,False
base,0,908,False
base,0,909,False
base,0,910,False
base,0,911,False
base,0,912,False
base,0,913,False
base,0,914,False
base,0,915,False
base,0,916,False
base,0,917,False
base,0,918,False
base,0,919,False
base,0,920,False
base,0,921,False
base,0,922,False
base,0,923,False
base,0,924,False
base,0,925,False
base,0,926,False
base,0,927,False
base,0,928,False
base,0,929,False
base,0,930,False
base,0,931,False
base,0,932,False
base,0,933,False
base,0,934,False
base,0,935,False
base,0,936,False
base,0,937,False
base,0,938,False
base,0,939,False
base,0,940,False
base,0,941,False
base,0,942,False
base,0,943,False
base,0,944,False
base,0,945,False
base,0,946,False
base,0,947,False
base,0,948,False
base,0,949,False
base,0,950,False
base,0,951,False
base,0,952,False
base,0,953,False
base,0,954,False
base,0,955,False
base,0,956,False
base,0,957,False
base,0,958,False
base,0,959,False
base,0,960,False
base,0,961,False
base,0,962,False
base,0,963,False
base,0,964,False
base,0,965,False
base,0,966,False
base,0,967,False
base,0,968,False
base,0,969,False
base,0,970,False
base,0,971,False
base,0,972,False
base,0,973,False
base,0,974,False
base,0,975,False
base,0,976,False
base,0,977,False
base,0,978,False
base,0,979,False
base,0,980,False
base,0,981,False
base,0,982,False
base,0,983,False
base,0,984,False
base,0,985,False
base,0,986,False
base,0,987,False
base,0,988,False
base,0,989,False
base,0,990,False
base,0,991,False
base,0,992,False
base,0,993,False
base,0,994,False
base,0,995,False
base,0,996,False
base,0,997,False
base,0,998,False
base,0,999,False
base,0,1000,False
base,0,1001,False
base,0,1002,False
base,0,1003,False
base,0,1004,False
base,0,1005,False
base,0,1006,False
base,0,1007,False
base,0,1008,False
base,0,1009,False
base,0,1010,False
base,0,1011,False
base,0,1012,False
base,0,1013,False
base,0,1014,False
base,0,1015,False
base,0,1016,False
base,0,1017,False
base,0,1018,False
base,0,1019,False
base,0,1020,False
base,0,1021,False
base,0,1022,False
base,0,1023,False
base,0,1024,False
base,0,1025,False
base,0,1026,False
base,0,1027,False
base,0,1028,False
base,0,1029,False
base,0,1030,False
base,0,1031,False
base,0,1032,False
base,0,1033,False
base,0,1034,False
base,0,1035,False
base,0,1036,False
base,0,1037,False
base,0,1038,False
base,0,1039,False
base,0,1040,False
base,0,1041,False
base,0,1042,False
base,0,1043,False
base,0,1044,False
base,0,1045,False
base,0,1046,False
base,0,1047,False
base,0,1048,False
base,0,1049,False
base,0,1050,False
base,0,1051,False
base,0,1052,False
base,0,1053,False
base,0,1054,False
base,0,1055,False
base,0,1056,False
base,0,1057,False
base,0,1058,False
base,0,1059,False
base,0,1060,False
base,0,1061,False
base,0,1062,False
base,0,1063,False
base,0,1064,False
base,0,1065,False
base,0,1066,False
base,0,1067,False
base,0,1068,False
base,0,1069,False
base,0,1070,False
base,0,1071,False
base,0,1072,False
base,0,1073,False
base,0,1074,False
base,0,1075,False
base,0,1076,False
base,0,1077,False
base,0,1078,False
base,0,1079,False
base,0,1080,False
base,0,1081,False
base,0,1082,False
base,0,1083,False
base,0,1084,False
base,0,1085,False
base,0,1086,False
base,0,1087,False
base,0,1088,False
base,0,1089,False
base,0,1090,False
base,0,1091,False
base,0,1092,False
base,0,1093,False
base,0,1094,False
base,0,1095,False
base,0,1096,False
base,0,1097,False
base,0,1098,False
base,0,1099,False
base,0,1100,False
base,0,1101,False
base,0,1102,False
base,0,1103,False
base,0,1104,False
base,0,1105,False
base,0,1106,False
base,0,1107,False
base,0,1108,False
base,0,1109,False
base,0,1110,False
base,0,1111,False
base,0,1112,False
base,0,1113,False
base,0,1114,False
base,0,1115,False
base,0,1116,False
base,0,1117,False
base,0,1118,False
base,0,1119,False
base,0,1120,False
base,0,1121,False
base,0,1122,False
base,0,1123,False
base,0,1124,False
base,0,1125,False
base,0,1126,False
base,0,1127,False
base,0,1128,False
base,0,1129,False
base,0,1130,False
base,0,1131,False
base,0,1132,False
base,0,1133,False
base,0,1134,False
base,0,1135,False
base,0,1136,False
base,0,1137,False
base,0,1138,False
base,0,1139,False
base,0,1140,False
base,0,1141,False
base,0,1142,False
base,0,1143,False
base,0,1144,False
base,0,1145,False
base,0,1146,False
base,0,1147,False
base,0,1148,False
base,0,1149,False
base,0,1150,False
base,0,1151,False
base,0,1152,False
base,0,1153,False
base,0,1154,False
base,0,1155,False
base,0,1156,False
base,0,1157,False
base,0,1158,False
base,0,1159,False
base,0,1160,False
base,0,1161,False
base,0,1162,False
base,0,1163,False
base,0,1164,False
base,0,1165,False
base,0,1166,False
base,0,1167,False
base,0,1168,False
base,0,1169,False
base,0,1170,False
base,0,1171,False
base,0,1172,False
base,0,1173,False
base,0,1174,False
base,0,1175,False
base,0,1176,False
base,0,1177,False
base,0,1178,False
base,0,1179,False
base,0,1180,False
base,0,1181,False
base,0,1182,False
base,0,1183,False
base,0,1184,False
base,0,1185,False
base,0,1186,False
base,0,1187,False
base,0,1188,False
base,0,1189,False
base,0,1190,False
base,0,1191,False
base,0,1192,False
base,0,1193,False
base,0,1194,False
base,0,1195,False
base,0,1196,False
base,0,1197,False
base,0,1198,False
base,0,1199,False
base,0,1200,False
base,0,1201,False
base,0,1202,False
base,0,1203,False
base,0,1204,False
base,0,1205,False
base,0,1206,False
base,0,1207,False
base,0,1208,False
base,0,1209,False
base,0,1210,False
base,0,1211,False
base,0,1212,False
base,0,1213,False
base,0,1214,False
base,0,1215,False
base,0,1216,False
base,0,1217,False
base,0,1218,False
base,0,1219,False
base,0,1220,False
base,0,1221,False
base,0,1222,False
base,0,1223,False
base,0,1224,False
base,0,1225,False
base,0,1226,False
base,0,1227,False
base,0,1228,False
base,0,1229,False
base,0,1230,False
base,0,1231,False
base,0,1232,False
base,0,1233,False
base,0,1234,False
base,0,1235,False
base,0,1236,False
base,0,1237,False
base,0,1238,False
base,0,1239,False
base,0,1240,False
base,0,1241,False
base,0,1242,False
base,0,1243,False
base,0,1244,False
base,0,1245,False
base,0,1246,False
base,0,1247,False
base,0,1248,False
base,0,1249,False
base,0,1250,False
base,0,1251,False
base,0,1252,False
base,0,1253,False
base,0,1254,False
base,0,1255,False
base,0,1256,False
base,0,1257,False
base,0,1258,False
base,0,1259,False
base,0,1260,False
base,0,1261,False
base,0,1262,False
base,0,1263,False
base,0,1264,False
base,0,1265,False
base,0,1266,False
base,0,1267,False
base,0,1268,False
base,0,1269,False
base,0,1270,False
base,0,1271,False
base,0,1272,False
base,0,1273,False
base,0,1274,False
base,0,1275,False
base,0,1276,False
base,0,1277,False
base,0,1278,False
base,0,1279,False
base,0,1280,False
base,0,1281,False
base,0,1282,False
base,0,1283,False
base,0,1284,False
base,0,1285,False
base,0,1286,False
base,0,1287,False
base,0,1288,False
base,0,1289,False
base,0,1290,False
base,0,1291,False
base,0,1292,False
base,0,1293,False
base,0,1294,False
base,0,1295,False
base,0,1296,False
base,0,1297,False
base,0,1298,False
base,0,1299,False
base,0,1300,False
base,0,1301,False
base,0,1302,False
base,0,1303,False
base,0,1304,False
base,0,1305,False
base,0,1306,False
base,0,1307,False
base,0,1308,False
base,0,1309,False
base,0,1310,False
base,0,1311,False
base,0,1312,False
base,0,1313,False
base,0,1314,False
base,0,1315,False
base,0,1316,False
base,0,1317,False
base,0,1318,False
base,0,1319,False
base,0,1320,False
base,0,1321,False
base,0,1322,False
base,0,1323,False
base,0,1324,False
base,0,1325,False
base,0,1326,False
base,0,1327,False
base,0,1328,False
base,0,1329,False
base,0,1330,False
base,0,1331,False
base,0,1332,False
base,0,1333,False
base,0,1334,False
base,0,1335,False
base,0,1336,False
base,0,1337,False
base,0,1338,False
base,0,1339,False
base,0,1340,False
base,0,1341,False
base,0,1342,False
base,0,1343,False
base,0,1344,False
base,0,1345,False
base,0,1346,False
base,0,1347,False
base,0,1348,False
base,0,1349,False
base,0,1350,False
base,0,1351,False
base,0,1352,False
base,0,1353,False
base,0,1354,False
base,0,1355,False
base,0,1356,False
base,0,1357,False
base,0,1358,False
base,0,1359,False
base,0,1360,False
base,0,1361,False
base,0,1362,False
base,0,1363,False
base,0,1364,False
base,0,1365,False
base,0,1366,False
base,0,1367,False
base,0,1368,False
base,0,1369,False
base,0,1370,False
base,0,1371,False
base,0,1372,False
base,0,1373,False
base,0,1374,False
base,0,1375,False
base,0,1376,False
base,0,1377,False
base,0,1378,False
base,0,1379,False
base,0,1380,False
base,0,1381,False
base,0,1382,False
base,0,1383,False
base,0,1384,False
base,0,1385,False
base,0,1386,False
base,0,1387,False
base,0,1388,False
base,0,1389,False
base,0,1390,False
base,0,1391,False
base,0,1392,False
base,0,1393,False
base,0,1394,False
base,0,1395,False
base,0,1396,False
base,0,1397,False
base,0,1398,False
base,0,1399,False
base,0,1400,False
base,0,1401,False
base,0,1402,False
base,0,1403,False
base,0,1404,False
base,0,1405,False
base,0,1406,False
base,0,1407,False
base,0,1408,False
base,0,1409,False
base,0,1410,False
base,0,1411,False
base,0,1412,False
base,0,1413,False
base,0,1414,False
base,0,1415,False
base,0,1416,False
base,0,1417,False
base,0,1418,False
base,0,1419,False
base,0,1420,False
base,0,1421,False
base,0,1422,False
base,0,1423,False
base,0,1424,False
base,0,1425,False
base,0,1426,False
base,0,1427,False
base,0,1428,False
base,0,1429,False
base,0,1430,False
base,0,1431,False
base,0,1432,False
base,0,1433,False
base,0,1434,False
base,0,1435,False
base,0,1436,False
base,0,1437,False
base,0,1438,False
base,0,1439,False
base,0,1440,False
base,0,1441,False
base,0,1442,False
base,0,1443,False
base,0,1444,False
base,0,1445,False
base,0,1446,False
base,0,1447,False
base,0,1448,False
base,0,1449,False
base,0,1450,False
base,0,1451,False
base,0,1452,False
base,0,1453,False
base,0,1454,False
base,0,1455,False
base,0,1456,False
base,0,1457,False
base,0,1458,False
base,0,1459,False
base,0,1460,False
base,0,1461,False
base,0,1462,False
base,0,1463,False
base,0,1464,False
base,0,1465,False
base,0,1466,False
base,0,1467,False
base,0,1468,False
base,0,1469,False
base,0,1470,False
base,0,1471,False
base,0,1472,False
base,0,1473,False
base,0,1474,False
base,0,1475,False
base,0,1476,False
base,0,1477,False
base,0,1478,False
base,0,1479,False
base,0,1480,False
base,0,1481,False
base,0,1482,False
base,0,1483,False
base,0,1484,False
base,0,1485,False
base,0,1486,False
base,0,1487,False
base,0,1488,False
base,0,1489,False
base,0,1490,False
base,0,1491,False
base,0,1492,False
base,0,1493,False
base,0,1494,False
base,0,1495,False
base,0,1496,False
base,0,1497,False
base,0,1498,False
base,0,1499,False
base,1,0,False
base,1,1,False
base,1,2,False
base,1,3,False
base,1,4,False
base,1,5,False
base,1,6,False
base,1,7,False
base,1,8,False
base,1,9,False
base,1,10,False
base,1,11,False
base,1,12,False
base,1,13,False
base,1,14,False
base,1,15,False
base,1,16,False
base,1,17,False
base,1,18,False
base,1,19,False
base,1,20,False
base,1,21,False
base,1,22,False
base,1,23,False
base,1,24,False
base,1,25,False
base,1,26,False
base,1,27,False
base,1,28,False
base,1,29,False
base,1,30,False
base,1,31,False
base,1,32,False
base,1,33,False
base,1,34,False
base,1,35,False
base,1,36,False
base,1,37,False
base,1,38,False
base,1,39,False
base,1,40,False
base,1,41,False
base,1,42,False
base,1,43,False
base,1,44,False
base,1,45,False
base,1,46,False
base,1,47,False
base,1,48,False
base,1,49,False
base,1,50,False
base,1,51,False
base,1,52,False
base,1,53,False
base,1,54,False
base,1,55,False
base,1,56,False
base,1,57,False
base,1,58,False
base,1,59,False
base,1,60,False
base,1,61,False
base,1,62,False
base,1,63,False
base,1,64,False
base,1,65,False
base,1,66,False
base,1,67,False
base,1,68,False
base,1,69,False
base,1,70,False
base,1,71,False
base,1,72,False
base,1,73,False
base,1,74,False
base,1,75,False
base,1,76,False
base,1,77,False
base,1,78,False
base,1,79,False
base,1,80,False
base,1,81,False
base,1,82,False
base,1,83,False
base,1,84,False
base,1,85,False
base,1,86,False
base,1,87,False
base,1,88,False
base,1,89,False
base,1,90,False
base,1,91,False
base,1,92,False
base,1,93,False
base,1,94,False
base,1,95,False
base,1,96,False
base,1,97,False
base,1,98,False
base,1,99,False
base,1,100,False
base,1,101,False
base,1,102,False
base,1,103,False
base,1,104,False
base,1,105,False
base,1,106,False
base,1,107,False
base,1,108,False
base,1,109,False
base,1,110,False
base,1,111,False
base,1,112,False
base,1,113,False
base,1,114,False
base,1,115,False
base,1,116,False
base,1,117,False
base,1,118,False
base,1,119,False
base,1,120,False
base,1,121,False
base,1,122,False
base,1,123,False
base,1,124,False
base,1,125,False
base,1,126,False
base,1,127,False
base,1,128,False
base,1,129,False
base,1,130,False
base,1,131,False
base,1,132,False
base,1,133,False
base,1,134,False
base,1,135,False
base,1,136,False
base,1,137,False
base,1,138,False
base,1,139,False
base,1,140,False
base,1,141,False
base,1,142,False
base,1,143,False
base,1,144,False
base,1,145,False
base,1,146,False
base,1,147,False
base,1,148,False
base,1,149,False
base,1,150,False
base,1,151,False
base,1,152,False
base,1,153,False
base,1,154,False
base,1,155,False
base,1,156,False
base,1,157,False
base,1,158,False
base,1,159,False
base,1,160,False
base,1,161,False
base,1,162,False
base,1,163,False
base,1,164,False
base,1,165,False
base,1,166,False
base,1,167,False
base,1,168,False
base,1,169,False
base,1,170,False
base,1,171,False
base,1,172,False
base,1,173,False
base,1,174,False
base,1,175,False
base,1,176,False
base,1,177,False
base,1,178,False
base,1,179,False
base,1,180,False
base,1,181,False
base,1,182,False
base,1,183,False
base,1,184,False
base,1,185,False
base,1,186,False
base,1,187,False
base,1,188,False
base,1,189,False
base,1,190,False
base,1,191,False
base,1,192,False
base,1,193,False
base,1,194,False
base,1,195,False
base,1,196,False
base,1,197,False
base,1,198,False
base,1,199,False
base,1,200,False
base,1,201,False
base,1,202,False
base,1,203,False
base,1,204,False
base,1,205,False
base,1,206,False
base,1,207,False
base,1,208,False
base,1,209,False
base,1,210,False
base,1,211,False
base,1,212,False
base,1,213,False
base,1,214,False
base,1,215,False
base,1,216,False
base,1,217,False
base,1,218,False
base,1,219,False
base,1,220,False
base,1,221,False
base,1,222,False
base,1,223,False
base,1,224,False
base,1,225,False
base,1,226,False
base,1,227,False
base,1,228,False
base,1,229,False
base,1,230,False
base,1,231,False
base,1,232,False
base,1,233,False
base,1,234,False
base,1,235,False
base,1,236,False
base,1,237,False
base,1,238,False
base,1,239,False
base,1,240,False
base,1,241,False
base,1,242,False
base,1,243,False
base,1,244,False
base,1,245,False
base,1,246,False
base,1,247,False
base,1,248,False
base,1,249,False
base,1,250,False
base,1,251,False
base,1,252,False
base,1,253,False
base,1,254,False
base,1,255,False
base,1,256,False
base,1,257,False
base,1,258,False
base,1,259,False
base,1,260,False
base,1,261,False
base,1,262,False
base,1,263,False
base,1,264,False
base,1,265,False
base,1,266,False
base,1,267,False
base,1,268,False
base,1,269,False
base,1,270,False
base,1,271,False
base,1,272,False
base,1,273,False
base,1,274,False
base,1,275,False
base,1,276,False
base,1,277,False
base,1,278,False
base,1,279,False
base,1,280,False
base,1,281,False
base,1,282,False
base,1,283,False
base,1,284,False
base,1,285,False
base,1,286,False
base,1,287,False
base,1,288,False
base,1,289,False
base,1,290,False
base,1,291,False
base,1,292,False
base,1,293,False
base,1,294,False
base,1,295,False
base,1,296,False
base,1,297,False
base,1,298,False
base,1,299,False
base,1,300,False
base,1,301,False
base,1,302,False
base,1,303,False
base,1,304,False
base,1,305,False
base,1,306,False
base,1,307,False
base,1,308,False
base,1,309,False
base,1,310,False
base,1,311,False
base,1,312,False
base,1,313,False
base,1,314,False
base,1,315,False
base,1,316,False
base,1,317,False
base,1,318,False
base,1,319,False
base,1,320,False
base,1,321,False
base,1,322,False
base,1,323,False
base,1,324,False
base,1,325,False
base,1,326,False
base,1,327,False
base,1,328,False
base,1,329,False
base,1,330,False
base,1,331,False
base,1,332,False
base,1,333,False
base,1,334,False
base,1,335,False
base,1,336,False
base,1,337,False
base,1,338,False
base,1,339,False
base,1,340,False
base,1,341,False
base,1,342,False
base,1,343,False
base,1,344,False
base,1,345,False
base,1,346,False
base,1,347,False
base,1,348,False
base,1,349,False
base,1,350,False
base,1,351,False
base,1,352,False
base,1,353,False
base,1,354,False
base,1,355,False
base,1,356,False
base,1,357,False
base,1,358,False
base,1,359,False
base,1,360,False
base,1,361,False
base,1,362,False
base,1,363,False
base,1,364,False
base,1,365,False
base,1,366,False
base,1,367,False
base,1,368,False
base,1,369,False
base,1,370,False
base,1,371,False
base,1,372,False
base,1,373,False
base,1,374,False
base,1,375,False
base,1,376,False
base,1,377,False
base,1,378,False
base,1,379,False
base,1,380,False
base,1,381,False
base,1,382,False
base,1,383,False
base,1,384,False
base,1,385,False
base,1,386,False
base,1,387,False
base,1,388,False
base,1,389,False
base,1,390,False
base,1,391,False
base,1,392,False
base,1,393,False
base,1,394,False
base,1,395,False
base,1,396,False
base,1,397,False
base,1,398,False
base,1,399,False
base,1,400,False
base,1,401,False
base,1,402,False
base,1,403,False
base,1,404,False
base,1,405,False
base,1,406,False
base,1,407,False
base,1,408,False
base,1,409,False
base,1,410,False
base,1,411,False
base,1,412,False
base,1,413,False
base,1,414,False
base,1,415,False
base,1,416,False
base,1,417,False
base,1,418,False
base,1,419,False
base,1,420,False
base,1,421,False
base,1,422,False
base,1,423,False
base,1,424,False
base,1,425,False
base,1,426,False
base,1,427,False
base,1,428,False
base,1,429,False
base,1,430,False
base,1,431,False
base,1,432,False
base,1,433,False
base,1,434,False
base,1,435,False
base,1,436,False
base,1,437,False
base,1,438,False
base,1,439,False
base,1,440,False
base,1,441,False
base,1,442,False
base,1,443,False
base,1,444,False
base,1,445,False
base,1,446,False
base,1,447,False
base,1,448,False
base,1,449,False
base,1,450,False
base,1,451,False
base,1,452,False
base,1,453,False
base,1,454,False
base,1,455,False
base,1,456,False
base,1,457,False
base,1,458,False
base,1,459,False
base,1,460,False
base,1,461,False
base,1,462,False
base,1,463,False
base,1,464,False
base,1,465,False
base,1,466,False
base,1,467,False
base,1,468,False
base,1,469,False
base,1,470,False
base,1,471,False
base,1,472,False
base,1,473,False
base,1,474,False
base,1,475,False
base,1,476,False
base,1,477,False
base,1,478,False
base,1,479,False
base,1,480,False
base,1,481,False
base,1,482,False
base,1,483,False
base,1,484,False
base,1,485,False
base,1,486,False
base,1,487,False
base,1,488,False
base,1,489,False
base,1,490,False
base,1,491,False
base,1,492,False
base,1,493,False
base,1,494,False
base,1,495,False
base,1,496,False
base,1,497,False
base,1,498,False
base,1,499,False
base,1,500,False
base,1,501,False
base,1,502,False
base,1,503,False
base,1,504,False
base,1,505,False
base,1,506,False
base,1,507,False
base,1,508,False
base,1,509,False
base,1,510,False
base,1,511,False
base,1,512,False
base,1,513,False
base,1,514,False
base,1,515,False
base,1,516,False
base,1,517,False
base,1,518,False
base,1,519,False
base,1,520,False
base,1,521,False
base,1,522,False
base,1,523,False
base,1,524,False
base,1,525,False
base,1,526,False
base,1,527,False
base,1,528,False
base,1,529,False
base,1,530,False
base,1,531,False
base,1,532,False
base,1,533,False
base,1,534,False
base,1,535,False
base,1,536,False
base,1,537,False
base,1,538,False
base,1,539,False
base,1,540,False
base,1,541,False
base,1,542,False
base,1,543,False
base,1,544,False
base,1,545,False
base,1,546,False
base,1,547,False
base,1,548,False
base,1,549,False
base,1,550,False
base,1,551,False
base,1,552,False
base,1,553,False
base,1,554,False
base,1,555,False
base,1,556,False
base,1,557,False
base,1,558,False
base,1,559,False
base,1,560,False
base,1,561,False
base,1,562,False
base,1,563,False
base,1,564,False
base,1,565,False
base,1,566,False
base,1,567,False
base,1,568,False
base,1,569,False
base,1,570,False
base,1,571,False
base,1,572,False
base,1,573,False
base,1,574,False
base,1,575,False
base,1,576,False
base,1,577,False
base,1,578,False
base,1,579,False
base,1,580,False
base,1,581,False
base,1,582,False
base,1,583,False
base,1,584,False
base,1,585,False
base,1,586,False
base,1,587,False
base,1,588,False
base,1,589,False
base,1,590,False
base,1,591,False
base,1,592,False
base,1,593,False
base,1,594,False
base,1,595,False
base,1,596,False
base,1,597,False
base,1,598,False
base,1,599,False
base,1,600,False
base,1,601,False
base,1,602,False
base,1,603,False
base,1,604,False
base,1,605,False
base,1,606,False
base,1,607,False
base,1,608,False
base,1,609,False
base,1,610,False
base,1,611,False
base,1,612,False
base,1,613,False
base,1,614,False
base,1,615,False
base,1,616,False
base,1,617,False
base,1,618,False
base,1,619,False
base,1,620,False
base,1,621,False
base,1,622,False
base,1,623,False
base,1,624,False
base,1,625,False
base,1,626,False
base,1,627,False
base,1,628,False
base,1,629,False
base,1,630,False
base,1,631,False
base,1,632,False
base,1,633,False
base,1,634,False
base,1,635,False
base,1,636,False
base,1,637,False
base,1,638,False
base,1,639,False
base,1,640,False
base,1,641,False
base,1,642,False
base,1,643,False
base,1,644,False
base,1,645,False
base,1,646,False
base,1,647,False
base,1,648,False
base,1,649,False
base,1,650,False
base,1,651,False
base,1,652,False
base,1,653,False
base,1,654,False
base,1,655,False
base,1,656,False
base,1,657,False
base,1,658,False
base,1,659,False
base,1,660,False
base,1,661,False
base,1,662,False
base,1,663,False
base,1,664,False
base,1,665,False
base,1,666,False
base,1,667,False
base,1,668,False
base,1,669,False
base,1,670,False
base,1,671,False
base,1,672,False
base,1,673,False
base,1,674,False
base,1,675,False
base,1,676,False
base,1,677,False
base,1,678,False
base,1,679,False
base,1,680,False
base,1,681,False
base,1,682,False
base,1,683,False
base,1,684,False
base,1,685,False
base,1,686,False
base,1,687,False
base,1,688,False
base,1,689,False
base,1,690,False
base,1,691,False
base,1,692,False
base,1,693,False
base,1,694,False
base,1,695,False
base,1,696,False
base,1,697,False
base,1,698,False
base,1,699,False
base,1,700,False
base,1,701,False
base,1,702,False
base,1,703,False
base,1,704,False
base,1,705,False
base,1,706,False
base,1,707,False
base,1,708,False
base,1,709,False
base,1,710,False
base,1,711,False
base,1,712,False
base,1,713,False
base,1,714,False
base,1,715,False
base,1,716,False
base,1,717,False
base,1,718,False
base,1,719,False
base,1,720,False
base,1,721,False
base,1,722,False
base,1,723,False
base,1,724,False
base,1,725,False
base,1,726,False
base,1,727,False
base,1,728,False
base,1,729,False
base,1,730,False
base,1,731,False
base,1,732,False
base,1,733,False
base,1,734,False
base,1,735,False
base,1,736,False
base,1,737,False
base,1,738,False
base,1,739,False
base,1,740,False
base,1,741,False
base,1,742,False
base,1,743,False
base,1,744,False
base,1,745,False
base,1,746,False
base,1,747,False
base,1,748,False
base,1,749,False
base,1,750,False
base,1,751,False
base,1,752,False
base,1,753,False
base,1,754,False
base,1,755,False
base,1,756,False
base,1,757,False
base,1,758,False
base,1,759,False
base,1,760,False
base,1,761,False
base,1,762,False
base,1,763,False
base,1,764,False
base,1,765,False
base,1,766,False
base,1,767,False
base,1,768,False
base,1,769,False
base,1,770,False
base,1,771,False
base,1,772,False
base,1,773,False
base,1,774,False
base,1,775,False
base,1,776,False
base,1,777,False
base,1,778,False
base,1,779,False
base,1,780,False
base,1,781,False
base,1,782,False
base,1,783,False
base,1,784,False
base,1,785,False
base,1,786,False
base,1,787,False
base,1,788,False
base,1,789,False
base,1,790,False
base,1,791,False
base,1,792,False
base,1,793,False
base,1,794,False
base,1,795,False
base,1,796,False
base,1,797,False
base,1,798,False
base,1,799,False
base,1,800,False
base,1,801,False
base,1,802,False
base,1,803,False
base,1,804,False
base,1,805,False
base,1,806,False
base,1,807,False
base,1,808,False
base,1,809,False
base,1,810,False
base,1,811,False
base,1,812,False
base,1,813,False
base,1,814,False
base,1,815,False
base,1,816,False
base,1,817,False
base,1,818,False
base,1,819,False
base,1,820,False
base,1,821,False
base,1,822,False
base,1,823,False
base,1,824,False
base,1,825,False
base,1,826,False
base,1,827,False
base,1,828,False
base,1,829,False
base,1,830,False
base,1,831,False
base,1,832,False
base,1,833,False
base,1,834,False
base,1,835,False
base,1,836,False
base,1,837,False
base,1,838,False
base,1,839,False
base,1,840,False
base,1,841,False
base,1,842,False
base,1,843,False
base,1,844,False
base,1,845,False
base,1,846,False
base,1,847,False
base,1,848,False
base,1,849,False
base,1,850,False
base,1,851,False
base,1,852,False
base,1,853,False
base,1,854,False
base,1,855,False
base,1,856,False
base,1,857,False
base,1,858,False
base,1,859,False
base,1,860,False
base,1,861,False
base,1,862,False
base,1,863,False
base,1,864,False
base,1,865,False
base,1,866,False
base,1,867,False
base,1,868,False
base,1,869,False
base,1,870,False
base,1,871,False
base,1,872,False
base,1,873,False
base,1,874,False
base,1,875,False
base,1,876,False
base,1,877,False
base,1,878,False
base,1,879,False
base,1,880,False
base,1,881,False
base,1,882,False
base,1,883,False
base,1,884,False
base,1,885,False
base,1,886,False
base,1,887,False
base,1,888,False
base,1,889,False
base,1,890,False
base,1,891,False
base,1,892,False
base,1,893,False
base,1,894,False
base,1,895,False
base,1,896,False
base,1,897,False
base,1,898,False
base,1,899,False
base,1,900,False
base,1,901,False
base,1,902,False
base,1,903,False
base,1,904,False
base,1,905,False
base,1,906,False
base,1,907,False
base,1,908,False
base,1,909,False
base,1,910,False
base,1,911,False
base,1,912,False
base,1,913,False
base,1,914,False
base,1,915,False
base,1,916,False
base,1,917,False
base,1,918,False
base,1,919,False
base,1,920,False
base,1,921,False
base,1,922,False
base,1,923,False
base,1,924,False
base,1,925,False
base,1,926,False
base,1,927,False
base,1,928,False
base,1,929,False
base,1,930,False
base,1,931,False
base,1,932,False
base,1,933,False
base,1,934,False
base,1,935,False
base,1,936,False
base,1,937,False
base,1,938,False
base,1,939,False
base,1,940,False
base,1,941,False
base,1,942,False
base,1,943,False
base,1,944,False
base,1,945,False
base,1,946,False
base,1,947,False
base,1,948,False
base,1,949,False
base,1,950,False
base,1,951,False
base,1,952,False
base,1,953,False
base,1,954,False
base,1,955,False
base,1,956,False
base,1,957,False
base,1,958,False
base,1,959,False
base,1,960,False
base,1,961,False
base,1,962,False
base,1,963,False
base,1,964,False
base,1,965,False
base,1,966,False
base,1,967,False
base,1,968,False
base,1,969,False
base,1,970,False
base,1,971,False
base,1,972,False
base,1,973,False
base,1,974,False
base,1,975,False
base,1,976,False
base,1,977,False
base,1,978,False
base,1,979,False
base,1,980,False
base,1,981,False
base,1,982,False
base,1,983,False
base,1,984,False
base,1,985,False
base,1,986,False
base,1,987,False
base,1,988,False
base,1,989,False
base,1,990,False
base,1,991,False
base,1,992,False
base,1,993,False
base,1,994,False
base,1,995,False
base,1,996,False
base,1,997,False
base,1,998,False
base,1,999,False
base,1,1000,False
base,1,1001,False
base,1,1002,False
base,1,1003,False
base,1,1004,False
base,1,1005,False
base,1,1006,False
base,1,1007,False
base,1,1008,False
base,1,1009,False
base,1,1010,False
base,1,1011,False
base,1,1012,False
base,1,1013,False
base,1,1014,False
base,1,1015,False
base,1,1016,False
base,1,1017,False
base,1,1018,False
base,1,1019,False
base,1,1020,False
base,1,1021,False
base,1,1022,False
base,1,1023,False
base,1,1024,False
base,1,1025,False
base,1,1026,False
base,1,1027,False
base,1,1028,False
base,1,1029,False
base,1,1030,False
base,1,1031,False
base,1,1032,False
base,1,1033,False
base,1,1034,False
base,1,1035,False
base,1,1036,False
base,1,1037,False
base,1,1038,False
base,1,1039,False
base,1,1040,False
base,1,1041,False
base,1,1042,False
base,1,1043,False
base,1,1044,False
base,1,1045,False
base,1,1046,False
base,1,1047,False
base,1,1048,False
base,1,1049,False
base,1,1050,False
base,1,1051,False
base,1,1052,False
base,1,1053,False
base,1,1054,False
base,1,1055,False
base,1,1056,False
base,1,1057,False
base,1,1058,False
base,1,1059,False
base,1,1060,False
base,1,1061,False
base,1,1062,False
base,1,1063,False
base,1,1064,False
base,1,1065,False
base,1,1066,False
base,1,1067,False
base,1,1068,False
base,1,1069,False
base,1,1070,False
base,1,1071,False
base,1,1072,False
base,1,1073,False
base,1,1074,False
base,1,1075,False
base,1,1076,False
base,1,1077,False
base,1,1078,False
base,1,1079,False
base,1,1080,False
base,1,1081,False
base,1,1082,False
base,1,1083,False
base,1,1084,False
base,1,1085,False
base,1,1086,False
base,1,1087,False
base,1,1088,False
base,1,1089,False
base,1,1090,False
base,1,1091,False
base,1,1092,False
base,1,1093,False
base,1,1094,False
base,1,1095,False
base,1,1096,False
base,1,1097,False
base,1,1098,False
base,1,1099,False
base,1,1100,False
base,1,1101,False
base,1,1102,False
base,1,1103,False
base,1,1104,False
base,1,1105,False
base,1,1106,False
base,1,1107,False
base,1,1108,False
base,1,1109,False
base,1,1110,False
base,1,1111,False
base,1,1112,False
base,1,1113,False
base,1,1114,False
base,1,1115,False
base,1,1116,False
base,1,1117,False
base,1,1118,False
base,1,1119,False
base,1,1120,False
base,1,1121,False
base,1,1122,False
base,1,1123,False
base,1,1124,False
base,1,1125,False
base,1,1126,False
base,1,1127,False
base,1,1128,False
base,1,1129,False
base,1,1130,False
base,1,1131,False
base,1,1132,False
base,1,1133,False
base,1,1134,False
base,1,1135,False
base,1,1136,False
base,1,1137,False
base,1,1138,False
base,1,1139,False
base,1,1140,False
base,1,1141,False
base,1,1142,False
base,1,1143,False
base,1,1144,False
base,1,1145,False
base,1,1146,False
base,1,1147,False
base,1,1148,False
base,1,1149,False
base,1,1150,False
base,1,1151,False
base,1,1152,False
base,1,1153,False
base,1,1154,False
base,1,1155,False
base,1,1156,False
base,1,1157,False
base,1,1158,False
base,1,1159,False
base,1,1160,False
base,1,1161,False
base,1,1162,False
base,1,1163,False
base,1,1164,False
base,1,1165,False
base,1,1166,False
base,1,1167,False
base,1,1168,False
base,1,1169,False
base,1,1170,False
base,1,1171,False
base,1,1172,False
base,1,1173,False
base,1,1174,False
base,1,1175,False
base,1,1176,False
base,1,1177,False
base,1,1178,False
base,1,1179,False
base,1,1180,False
base,1,1181,False
base,1,1182,False
base,1,1183,False
base,1,1184,False
base,1,1185,False
base,1,1186,False
base,1,1187,False
base,1,1188,False
base,1,1189,False
base,1,1190,False
base,1,1191,False
base,1,1192,False
base,1,1193,False
base,1,1194,False
base,1,1195,False
base,1,1196,False
base,1,1197,False
base,1,1198,False
base,1,1199,False
base,1,1200,False
base,1,1201,False
base,1,1202,False
base,1,1203,False
base,1,1204,False
base,1,1205,False
base,1,1206,False
base,1,1207,False
base,1,1208,False
base,1,1209,False
base,1,1210,False
base,1,1211,False
base,1,1212,False
base,1,1213,False
base,1,1214,False
base,1,1215,False
base,1,1216,False
base,1,1217,False
base,1,1218,False
base,1,1219,False
base,1,1220,False
base,1,1221,False
base,1,1222,False
base,1,1223,False
base,1,1224,False
base,1,1225,False
base,1,1226,False
base,1,1227,False
base,1,1228,False
base,1,1229,False
base,1,1230,False
base,1,1231,False
base,1,1232,False
base,1,1233,False
base,1,1234,False
base,1,1235,False
base,1,1236,False
base,1,1237,False
base,1,1238,False
base,1,1239,False
base,1,1240,False
base,1,1241,False
base,1,1242,False
base,1,1243,False
base,1,1244,False
base,1,1245,False
base,1,1246,False
base,1,1247,False
base,1,1248,False
base,1,1249,False
base,1,1250,False
base,1,1251,False
base,1,1252,False
base,1,1253,False
base,1,1254,False
base,1,1255,False
base,1,1256,False
base,1,1257,False
base,1,1258,False
base,1,1259,False
base,1,1260,False
base,1,1261,False
base,1,1262,False
base,1,1263,False
base,1,1264,False
base,1,1265,False
base,1,1266,False
base,1,1267,False
base,1,1268,False
base,1,1269,False
base,1,1270,False
base,1,1271,False
base,1,1272,False
base,1,1273,False
base,1,1274,False
base,1,1275,False
base,1,1276,False
base,1,1277,False
base,1,1278,False
base,1,1279,False
base,1,1280,False
base,1,1281,False
base,1,1282,False
base,1,1283,False
base,1,1284,False
base,1,1285,False
base,1,1286,False
base,1,1287,False
base,1,1288,False
base,1,1289,False
base,1,1290,False
base,1,1291,False
base,1,1292,False
base,1,1293,False
base,1,1294,False
base,1,1295,False
base,1,1296,False
base,1,1297,False
base,1,1298,False
base,1,1299,False
base,1,1300,False
base,1,1301,False
base,1,1302,False
base,1,1303,False
base,1,1304,False
base,1,1305,False
base,1,1306,False
base,1,1307,False
base,1,1308,False
base,1,1309,False
base,1,1310,False
base,1,1311,False
base,1,1312,False
base,1,1313,False
base,1,1314,False
base,1,1315,False
base,1,1316,False
base,1,1317,False
base,1,1318,False
base,1,1319,False
base,1,1320,False
base,1,1321,False
base,1,1322,False
base,1,1323,False
base,1,1324,False
base,1,1325,False
base,1,1326,False
base,1,1327,False
base,1,1328,False
base,1,1329,False
base,1,1330,False
base,1,1331,False
base,1,1332,False
base,1,1333,False
base,1,1334,False
base,1,1335,False
base,1,1336,False
base,1,1337,False
base,1,1338,False
base,1,1339,False
base,1,1340,False
base,1,1341,False
base,1,1342,False
base,1,1343,False
base,1,1344,False
base,1,1345,False
base,1,1346,False
base,1,1347,False
base,1,1348,False
base,1,1349,False
base,1,1350,False
base,1,1351,False
base,1,1352,False
base,1,1353,False
base,1,1354,False
base,1,1355,False
base,1,1356,False
base,1,1357,False
base,1,1358,False
base,1,1359,False
base,1,1360,False
base,1,1361,False
base,1,1362,False
base,1,1363,False
base,1,1364,False
base,1,1365,False
base,1,1366,False
base,1,1367,False
base,1,1368,False
base,1,1369,False
base,1,1370,False
base,1,1371,False
base,1,1372,False
base,1,1373,False
base,1,1374,False
base,1,1375,False
base,1,1376,False
base,1,1377,False
base,1,1378,False
base,1,1379,False
base,1,1380,False
base,1,1381,False
base,1,1382,False
base,1,1383,False
base,1,1384,False
base,1,1385,False
base,1,1386,False
base,1,1387,False
base,1,1388,False
base,1,1389,False
base,1,1390,False
base,1,1391,False
base,1,1392,False
base,1,1393,False
base,1,1394,False
base,1,1395,False
base,1,1396,False
base,1,1397,False
base,1,1398,False
base,1,1399,False
base,1,1400,False
base,1,1401,False
base,1,1402,False
base,1,1403,False
base,1,1404,False
base,1,1405,False
base,1,1406,False
base,1,1407,False
base,1,1408,False
base,1,1409,False
base,1,1410,False
base,1,1411,False
base,1,1412,False
base,1,1413,False
base,1,1414,False
base,1,1415,False
base,1,1416,False
base,1,1417,False
base,1,1418,False
base,1,1419,False
base,1,1420,False
base,1,1421,False
base,1,1422,False
base,1,1423,False
base,1,1424,False
base,1,1425,False
base,1,1426,False
base,1,1427,False
base,1,1428,False
base,1,1429,False
base,1,1430,False
base,1,1431,False
base,1,1432,False
base,1,1433,False
base,1,1434,False
base,1,1435,False
base,1,1436,False
base,1,1437,False
base,1,1438,False
base,1,1439,False
base,1,1440,False
base,1,1441,False
base,1,1442,False
base,1,1443,False
base,1,1444,False
base,1,1445,False
base,1,1446,False
base,1,1447,False
base,1,1448,False
base,1,1449,False
base,1,1450,False
base,1,1451,False
base,1,1452,False
base,1,1453,False
base,1,1454,False
base,1,1455,False
base,1,1456,False
base,1,1457,False
base,1,1458,False
base,1,1459,False
base,1,1460,False
base,1,1461,False
base,1,1462,False
base,1,1463,False
base,1,1464,False
base,1,1465,False
base,1,1466,False
base,1,1467,False
base,1,1468,False
base,1,1469,False
base,1,1470,False
base,1,1471,False
base,1,1472,False
base,1,1473,False
base,1,1474,False
base,1,1475,False
base,1,1476,False
base,1,1477,False
base,1,1478,False
base,1,1479,False
base,1,1480,False
base,1,1481,False
base,1,1482,False
base,1,1483,False
base,1,1484,False
base,1,1485,False
base,1,1486,False
base,1,1487,False
base,1,1488,False
base,1,1489,False
base,1,1490,False
base,1,1491,False
base,1,1492,False
base,1,1493,False
base,1,1494,False
base,1,1495,False
base,1,1496,False
base,1,1497,False
base,1,1498,False
base,1,1499,False
base,2,0,False
base,2,1,False
base,2,2,False
base,2,3,False
base,2,4,False
base,2,5,False
base,2,6,False
base,2,7,False
base,2,8,False
base,2,9,False
base,2,10,False
base,2,11,False
base,2,12,False
base,2,13,False
base,2,14,False
base,2,15,False
base,2,16,False
base,2,17,False
base,2,18,False
base,2,19,False
base,2,20,False
base,2,21,False
base,2,22,False
base,2,23,False
base,2,24,False
base,2,25,False
base,2,26,False
base,2,27,False
base,2,28,False
base,2,29,False
base,2,30,False
base,2,31,False
base,2,32,False
base,2,33,False
base,2,34,False
base,2,35,False
base,2,36,False
base,2,37,False
base,2,38,False
base,2,39,False
base,2,40,False
base,2,41,False
base,2,42,False
base,2,43,False
base,2,44,False
base,2,45,False
base,2,46,False
base,2,47,False
base,2,48,False
base,2,49,False
base,2,50,False
base,2,51,False
base,2,52,False
base,2,53,False
base,2,54,False
base,2,55,False
base,2,56,False
base,2,57,False
base,2,58,False
base,2,59,False
base,2,60,False
base,2,61,False
base,2,62,False
base,2,63,False
base,2,64,False
base,2,65,False
base,2,66,False
base,2,67,False
base,2,68,False
base,2,69,False
base,2,70,False
base,2,71,False
base,2,72,False
base,2,73,False
base,2,74,False
base,2,75,False
base,2,76,False
base,2,77,False
base,2,78,False
base,2,79,False
base,2,80,False
base,2,81,False
base,2,82,False
base,2,83,False
base,2,84,False
base,2,85,False
base,2,86,False
base,2,87,False
base,2,88,False
base,2,89,False
base,2,90,False
base,2,91,False
base,2,92,False
base,2,93,False
base,2,94,False
base,2,95,False
base,2,96,False
base,2,97,False
base,2,98,False
base,2,99,False
base,2,100,False
base,2,101,False
base,2,102,False
base,2,103,False
base,2,104,False
base,2,105,False
base,2,106,False
base,2,107,False
base,2,108,False
base,2,109,False
base,2,110,False
base,2,111,False
base,2,112,False
base,2,113,False
base,2,114,False
base,2,115,False
base,2,116,False
base,2,117,False
base,2,118,False
base,2,119,False
base,2,120,False
base,2,121,False
base,2,122,False
base,2,123,False
base,2,124,False
base,2,125,False
base,2,126,False
base,2,127,False
base,2,128,False
base,2,129,False
base,2,130,False
base,2,131,False
base,2,132,False
base,2,133,False
base,2,134,False
base,2,135,False
base,2,136,False
base,2,137,False
base,2,138,False
base,2,139,False
base,2,140,False
base,2,141,False
base,2,142,False
base,2,143,False
base,2,144,False
base,2,145,False
base,2,146,False
base,2,147,False
base,2,148,False
base,2,149,False
base,2,150,False
base,2,151,False
base,2,152,False
base,2,153,False
base,2,154,False
base,2,155,False
base,2,156,False
base,2,157,False
base,2,158,False
base,2,159,False
base,2,160,False
base,2,161,False
base,2,162,False
base,2,163,False
base,2,164,False
base,2,165,False
base,2,166,False
base,2,167,False
base,2,168,False
base,2,169,False
base,2,170,False
base,2,171,False
base,2,172,False
base,2,173,False
base,2,174,False
base,2,175,False
base,2,176,False
base,2,177,False
base,2,178,False
base,2,179,False
base,2,180,False
base,2,181,False
base,2,182,False
base,2,183,False
base,2,184,False
base,2,185,False
base,2,186,False
base,2,187,False
base,2,188,False
base,2,189,False
base,2,190,False
base,2,191,False
base,2,192,False
base,2,193,False
base,2,194,False
base,2,195,False
base,2,196,False
base,2,197,False
base,2,198,False
base,2,199,False
base,2,200,False
base,2,201,False
base,2,202,False
base,2,203,False
base,2,204,False
base,2,205,False
base,2,206,False
base,2,207,False
base,2,208,False
base,2,209,False
base,2,210,False
base,2,211,False
base,2,212,False
base,2,213,False
base,2,214,False
base,2,215,False
base,2,216,False
base,2,217,False
base,2,218,False
base,2,219,False
base,2,220,False
base,2,221,False
base,2,222,False
base,2,223,False
base,2,224,False
base,2,225,False
base,2,226,False
base,2,227,False
base,2,228,False
base,2,229,False
base,2,230,False
base,2,231,False
base,2,232,False
base,2,233,False
base,2,234,False
base,2,235,False
base,2,236,False
base,2,237,False
base,2,238,False
base,2,239,False
base,2,240,False
base,2,241,False
base,2,242,False
base,2,243,False
base,2,244,False
base,2,245,False
base,2,246,False
base,2,247,False
base,2,248,False
base,2,249,False
base,2,250,False
base,2,251,False
base,2,252,False
base,2,253,False
base,2,254,False
base,2,255,False
base,2,256,False
base,2,257,False
base,2,258,False
base,2,259,False
base,2,260,False
base,2,261,False
base,2,262,False
base,2,263,False
base,2,264,False
base,2,265,False
base,2,266,False
base,2,267,False
base,2,268,False
base,2,269,False
base,2,270,False
base,2,271,False
base,2,272,False
base,2,273,False
base,2,274,False
base,2,275,False
base,2,276,False
base,2,277,False
base,2,278,False
base,2,279,False
base,2,280,False
base,2,281,False
base,2,282,False
base,2,283,False
base,2,284,False
base,2,285,False
base,2,286,False
base,2,287,False
base,2,288,False
base,2,289,False
base,2,290,False
base,2,291,False
base,2,292,False
base,2,293,False
base,2,294,False
base,2,295,False
base,2,296,False
base,2,297,False
base,2,298,False
base,2,299,False
base,2,300,False
base,2,301,False
base,2,302,False
base,2,303,False
base,2,304,False
base,2,305,False
base,2,306,False
base,2,307,False
base,2,308,False
base,2,309,False
base,2,310,False
base,2,311,False
base,2,312,False
base,2,313,False
base,2,314,False
base,2,315,False
base,2,316,False
base,2,317,False
base,2,318,False
base,2,319,False
base,2,320,False
base,2,321,False
base,2,322,False
base,2,323,False
base,2,324,False
base,2,325,False
base,2,326,False
base,2,327,False
base,2,328,False
base,2,329,False
base,2,330,False
base,2,331,False
base,2,332,False
base,2,333,False
base,2,334,False
base,2,335,False
base,2,336,False
base,2,337,False
base,2,338,False
base,2,339,False
base,2,340,False
base,2,341,False
base,2,342,False
base,2,343,False
base,2,344,False
base,2,345,False
base,2,346,False
base,2,347,False
base,2,348,False
base,2,349,False
base,2,350,False
base,2,351,False
base,2,352,False
base,2,353,False
base,2,354,False
base,2,355,False
base,2,356,False
base,2,357,False
base,2,358,False
base,2,359,False
base,2,360,False
base,2,361,False
base,2,362,False
base,2,363,False
base,2,364,False
base,2,365,False
base,2,366,False
base,2,367,False
base,2,368,False
base,2,369,False
base,2,370,False
base,2,371,False
base,2,372,False
base,2,373,False
base,2,374,False
base,2,375,False
base,2,376,False
base,2,377,False
base,2,378,False
base,2,379,False
base,2,380,False
base,2,381,False
base,2,382,False
base,2,383,False
base,2,384,False
base,2,385,False
base,2,386,False
base,2,387,False
base,2,388,False
base,2,389,False
base,2,390,False
base,2,391,False
base,2,392,False
base,2,393,False
base,2,394,False
base,2,395,False
base,2,396,False
base,2,397,False
base,2,398,False
base,2,399,False
base,2,400,False
base,2,401,False
base,2,402,False
base,2,403,False
base,2,404,False
base,2,405,False
base,2,406,False
base,2,407,False
base,2,408,False
base,2,409,False
base,2,410,False
base,2,411,False
base,2,412,False
base,2,413,False
base,2,414,False
base,2,415,False
base,2,416,False
base,2,417,False
base,2,418,False
base,2,419,False
base,2,420,False
base,2,421,False
base,2,422,False
base,2,423,False
base,2,424,False
base,2,425,False
base,2,426,False
base,2,427,False
base,2,428,False
base,2,429,False
base,2,430,False
base,2,431,False
base,2,432,False
base,2,433,False
base,2,434,False
base,2,435,False
base,2,436,False
base,2,437,False
base,2,438,False
base,2,439,False
base,2,440,False
base,2,441,False
base,2,442,False
base,2,443,False
base,2,444,False
base,2,445,False
base,2,446,False
base,2,447,False
base,2,448,False
base,2,449,False
base,2,450,False
base,2,451,False
base,2,452,False
base,2,453,False
base,2,454,False
base,2,455,False
base,2,456,False
base,2,457,False
base,2,458,False
base,2,459,False
base,2,460,False
base,2,461,False
base,2,462,False
base,2,463,False
base,2,464,False
base,2,465,False
base,2,466,False
base,2,467,False
base,2,468,False
base,2,469,False
base,2,470,False
base,2,471,False
base,2,472,False
base,2,473,False
base,2,474,False
base,2,475,False
base,2,476,False
base,2,477,False
base,2,478,False
base,2,479,False
base,2,480,False
base,2,481,False
base,2,482,False
base,2,483,False
base,2,484,False
base,2,485,False
base,2,486,False
base,2,487,False
base,2,488,False
base,2,489,False
base,2,490,False
base,2,491,False
base,2,492,False
base,2,493,False
base,2,494,False
base,2,495,False
base,2,496,False
base,2,497,False
base,2,498,False
base,2,499,False
base,2,500,False
base,2,501,False
base,2,502,False
base,2,503,False
base,2,504,False
base,2,505,False
base,2,506,False
base,2,507,False
base,2,508,False
base,2,509,False
base,2,510,False
base,2,511,False
base,2,512,False
base,2,513,False
base,2,514,False
base,2,515,False
base,2,516,False
base,2,517,False
base,2,518,False
base,2,519,False
base,2,520,False
base,2,521,False
base,2,522,False
base,2,523,False
base,2,524,False
base,2,525,False
base,2,526,False
base,2,527,False
base,2,528,False
base,2,529,False
base,2,530,False
base,2,531,False
base,2,532,False
base,2,533,False
base,2,534,False
base,2,535,False
base,2,536,False
base,2,537,False
base,2,538,False
base,2,539,False
base,2,540,False
base,2,541,False
base,2,542,False
base,2,543,False
base,2,544,False
base,2,545,False
base,2,546,False
base,2,547,False
base,2,548,False
base,2,549,False
base,2,550,False
base,2,551,False
base,2,552,False
base,2,553,False
base,2,554,False
base,2,555,False
base,2,556,False
base,2,557,False
base,2,558,False
base,2,559,False
base,2,560,False
base,2,561,False
base,2,562,False
base,2,563,False
base,2,564,False
base,2,565,False
base,2,566,False
base,2,567,False
base,2,568,False
base,2,569,False
base,2,570,False
base,2,571,False
base,2,572,False
base,2,573,False
base,2,574,False
base,2,575,False
base,2,576,False
base,2,577,False
base,2,578,False
base,2,579,False
base,2,580,False
base,2,581,False
base,2,582,False
base,2,583,False
base,2,584,False
base,2,585,False
base,2,586,False
base,2,587,False
base,2,588,False
base,2,589,False
base,2,590,False
base,2,591,False
base,2,592,False
base,2,593,False
base,2,594,False
base,2,595,False
base,2,596,False
base,2,597,False
base,2,598,False
base,2,599,False
base,2,600,False
base,2,601,False
base,2,602,False
base,2,603,False
base,2,604,False
base,2,605,False
base,2,606,False
base,2,607,False
base,2,608,False
base,2,609,False
base,2,610,False
base,2,611,False
base,2,612,False
base,2,613,False
base,2,614,False
base,2,615,False
base,2,616,False
base,2,617,False
base,2,618,False
base,2,619,False
base,2,620,False
base,2,621,False
base,2,622,False
base,2,623,False
base,2,624,False
base,2,625,False
base,2,626,False
base,2,627,False
base,2,628,False
base,2,629,False
base,2,630,False
base,2,631,False
base,2,632,False
base,2,633,False
base,2,634,False
base,2,635,False
base,2,636,False
base,2,637,False
base,2,638,False
base,2,639,False
base,2,640,False
base,2,641,False
base,2,642,False
base,2,643,False
base,2,644,False
base,2,645,False
base,2,646,False
base,2,647,False
base,2,648,False
base,2,649,False
base,2,650,False
base,2,651,False
base,2,652,False
base,2,653,False
base,2,654,False
base,2,655,False
base,2,656,False
base,2,657,False
base,2,658,False
base,2,659,False
base,2,660,False
base,2,661,False
base,2,662,False
base,2,663,False
base,2,664,False
base,2,665,False
base,2,666,False
base,2,667,False
base,2,668,False
base,2,669,False
base,2,670,False
base,2,671,False
base,2,672,False
base,2,673,False
base,2,674,False
base,2,675,False
base,2,676,False
base,2,677,False
base,2,678,False
base,2,679,False
base,2,680,False
base,2,681,False
base,2,682,False
base,2,683,False
base,2,684,False
base,2,685,False
base,2,686,False
base,2,687,False
base,2,688,False
base,2,689,False
base,2,690,False
base,2,691,False
base,2,692,False
base,2,693,False
base,2,694,False
base,2,695,False
base,2,696,False
base,2,697,False
base,2,698,False
base,2,699,False
base,2,700,False
base,2,701,False
base,2,702,False
base,2,703,False
base,2,704,False
base,2,705,False
base,2,706,False
base,2,707,False
base,2,708,False
base,2,709,False
base,2,710,False
base,2,711,False
base,2,712,False
base,2,713,False
base,2,714,False
base,2,715,False
base,2,716,False
base,2,717,False
base,2,718,False
base,2,719,False
base,2,720,False
base,2,721,False
base,2,722,False
base,2,723,False
base,2,724,False
base,2,725,False
base,2,726,False
base,2,727,False
base,2,728,False
base,2,729,False
base,2,730,False
base,2,731,False
base,2,732,False
base,2,733,False
base,2,734,False
base,2,735,False
base,2,736,False
base,2,737,False
base,2,738,False
base,2,739,False
base,2,740,False
base,2,741,False
base,2,742,False
base,2,743,False
base,2,744,False
base,2,745,False
base,2,746,False
base,2,747,False
base,2,748,False
base,2,749,False
base,2,750,False
base,2,751,False
base,2,752,False
base,2,753,False
base,2,754,False
base,2,755,False
base,2,756,False
base,2,757,False
base,2,758,False
base,2,759,False
base,2,760,False
base,2,761,False
base,2,762,False
base,2,763,False
base,2,764,False
base,2,765,False
base,2,766,False
base,2,767,False
base,2,768,False
base,2,769,False
base,2,770,False
base,2,771,False
base,2,772,False
base,2,773,False
base,2,774,False
base,2,775,False
base,2,776,False
base,2,777,False
base,2,778,False
base,2,779,False
base,2,780,False
base,2,781,False
base,2,782,False
base,2,783,False
base,2,784,False
base,2,785,False
base,2,786,False
base,2,787,False
base,2,788,False
base,2,789,False
base,2,790,False
base,2,791,False
base,2,792,False
base,2,793,False
base,2,794,False
base,2,795,False
base,2,796,False
base,2,797,False
base,2,798,False
base,2,799,False
base,2,800,False
base,2,801,False
base,2,802,False
base,2,803,False
base,2,804,False
base,2,805,False
base,2,806,False
base,2,807,False
base,2,808,False
base,2,809,False
base,2,810,False
base,2,811,False
base,2,812,False
base,2,813,False
base,2,814,False
base,2,815,False
base,2,816,False
base,2,817,False
base,2,818,False
base,2,819,False
base,2,820,False
base,2,821,False
base,2,822,False
base,2,823,False
base,2,824,False
base,2,825,False
base,2,826,False
base,2,827,False
base,2,828,False
base,2,829,False
base,2,830,False
base,2,831,False
base,2,832,False
base,2,833,False
base,2,834,False
base,2,835,False
base,2,836,False
base,2,837,False
base,2,838,False
base,2,839,False
base,2,840,False
base,2,841,False
base,2,842,False
base,2,843,False
base,2,844,False
base,2,845,False
base,2,846,False
base,2,847,False
base,2,848,False
base,2,849,False
base,2,850,False
base,2,851,False
base,2,852,False
base,2,853,False
base,2,854,False
base,2,855,False
base,2,856,False
base,2,857,False
base,2,858,False
base,2,859,False
base,2,860,False
base,2,861,False
base,2,862,False
base,2,863,False
base,2,864,False
base,2,865,False
base,2,866,False
base,2,867,False
base,2,868,False
base,2,869,False
base,2,870,False
base,2,871,False
base,2,872,False
base,2,873,False
base,2,874,False
base,2,875,False
base,2,876,False
base,2,877,False
base,2,878,False
base,2,879,False
base,2,880,False
base,2,881,False
base,2,882,False
base,2,883,False
base,2,884,False
base,2,885,False
base,2,886,False
base,2,887,False
base,2,888,False
base,2,889,False
base,2,890,False
base,2,891,False
base,2,892,False
base,2,893,False
base,2,894,False
base,2,895,False
base,2,896,False
base,2,897,False
base,2,898,False
base,2,899,False
base,2,900,False
base,2,901,False
base,2,902,False
base,2,903,False
base,2,904,False
base,2,905,False
base,2,906,False
base,2,907,False
base,2,908,False
base,2,909,False
base,2,910,False
base,2,911,False
base,2,912,False
base,2,913,False
base,2,914,False
base,2,915,False
base,2,916,False
base,2,917,False
base,2,918,False
base,2,919,False
base,2,920,False
base,2,921,False
base,2,922,False
base,2,923,False
base,2,924,False
base,2,925,False
base,2,926,False
base,2,927,False
base,2,928,False
base,2,929,False
base,2,930,False
base,2,931,False
base,2,932,False
base,2,933,False
base,2,934,False
base,2,935,False
base,2,936,False
base,2,937,False
base,2,938,False
base,2,939,False
base,2,940,False
base,2,941,False
base,2,942,False
base,2,943,False
base,2,944,False
base,2,945,False
base,2,946,False
base,2,947,False
base,2,948,False
base,2,949,False
base,2,950,False
base,2,951,False
base,2,952,False
base,2,953,False
base,2,954,False
base,2,955,False
base,2,956,False
base,2,957,False
base,2,958,False
base,2,959,False
base,2,960,False
base,2,961,False
base,2,962,False
base,2,963,False
base,2,964,False
base,2,965,False
base,2,966,False
base,2,967,False
base,2,968,False
base,2,969,False
base,2,970,False
base,2,971,False
base,2,972,False
base,2,973,False
base,2,974,False
base,2,975,False
base,2,976,False
base,2,977,False
base,2,978,False
base,2,979,False
base,2,980,False
base,2,981,False
base,2,982,False
base,2,983,False
base,2,984,False
base,2,985,False
base,2,986,False
base,2,987,False
base,2,988,False
base,2,989,False
base,2,990,False
base,2,991,False
base,2,992,False
base,2,993,False
base,2,994,False
base,2,995,False
base,2,996,False
base,2,997,False
base,2,998,False
base,2,999,False
base,2,1000,False
base,2,1001,False
base,2,1002,False
base,2,1003,False
base,2,1004,False
base,2,1005,False
base,2,1006,False
base,2,1007,False
base,2,1008,False
base,2,1009,False
base,2,1010,False
base,2,1011,False
base,2,1012,False
base,2,1013,False
base,2,1014,False
base,2,1015,False
base,2,1016,False
base,2,1017,False
base,2,1018,False
base,2,1019,False
base,2,1020,False
base,2,1021,False
base,2,1022,False
base,2,1023,False
base,2,1024,False
base,2,1025,False
base,2,1026,False
base,2,1027,False
base,2,1028,False
base,2,1029,False
base,2,1030,False
base,2,1031,False
base,2,1032,False
base,2,1033,False
base,2,1034,False
base,2,1035,False
base,2,1036,False
base,2,1037,False
base,2,1038,False
base,2,1039,False
base,2,1040,False
base,2,1041,False
base,2,1042,False
base,2,1043,False
base,2,1044,False
base,2,1045,False
base,2,1046,False
base,2,1047,False
base,2,1048,False
base,2,1049,False
base,2,1050,False
base,2,1051,False
base,2,1052,False
base,2,1053,False
base,2,1054,False
base,2,1055,False
base,2,1056,False
base,2,1057,False
base,2,1058,False
base,2,1059,False
base,2,1060,False
base,2,1061,False
base,2,1062,False
base,2,1063,False
base,2,1064,False
base,2,1065,False
base,2,1066,False
base,2,1067,False
base,2,1068,False
base,2,1069,False
base,2,1070,False
base,2,1071,False
base,2,1072,False
base,2,1073,False
base,2,1074,False
base,2,1075,False
base,2,1076,False
base,2,1077,False
base,2,1078,False
base,2,1079,False
base,2,1080,False
base,2,1081,False
base,2,1082,False
base,2,1083,False
base,2,1084,False
base,2,1085,False
base,2,1086,False
base,2,1087,False
base,2,1088,False
base,2,1089,False
base,2,1090,False
base,2,1091,False
base,2,1092,False
base,2,1093,False
base,2,1094,False
base,2,1095,False
base,2,1096,False
base,2,1097,False
base,2,1098,False
base,2,1099,False
base,2,1100,False
base,2,1101,False
base,2,1102,False
base,2,1103,False
base,2,1104,False
base,2,1105,False
base,2,1106,False
base,2,1107,False
base,2,1108,False
base,2,1109,False
base,2,1110,False
base,2,1111,False
base,2,1112,False
base,2,1113,False
base,2,1114,False
base,2,1115,False
base,2,1116,False
base,2,1117,False
base,2,1118,False
base,2,1119,False
base,2,1120,False
base,2,1121,False
base,2,1122,False
base,2,1123,False
base,2,1124,False
base,2,1125,False
base,2,1126,False
base,2,1127,False
base,2,1128,False
base,2,1129,False
base,2,1130,False
base,2,1131,False
base,2,1132,False
base,2,1133,False
base,2,1134,False
base,2,1135,False
base,2,1136,False
base,2,1137,False
base,2,1138,False
base,2,1139,False
base,2,1140,False
base,2,1141,False
base,2,1142,False
base,2,1143,False
base,2,1144,False
base,2,1145,False
base,2,1146,False
base,2,1147,False
base,2,1148,False
base,2,1149,False
base,2,1150,False
base,2,1151,False
base,2,1152,False
base,2,1153,False
base,2,1154,False
base,2,1155,False
base,2,1156,False
base,2,1157,False
base,2,1158,False
base,2,1159,False
base,2,1160,False
base,2,1161,False
base,2,1162,False
base,2,1163,False
base,2,1164,False
base,2,1165,False
base,2,1166,False
base,2,1167,False
base,2,1168,False
base,2,1169,False
base,2,1170,False
base,2,1171,False
base,2,1172,False
base,2,1173,False
base,2,1174,False
base,2,1175,False
base,2,1176,False
base,2,1177,False
base,2,1178,False
base,2,1179,False
base,2,1180,False
base,2,1181,False
base,2,1182,False
base,2,1183,False
base,2,1184,False
base,2,1185,False
base,2,1186,False
base,2,1187,False
base,2,1188,False
base,2,1189,False
base,2,1190,False
base,2,1191,False
base,2,1192,False
base,2,1193,False
base,2,1194,False
base,2,1195,False
base,2,1196,False
base,2,1197,False
base,2,1198,False
base,2,1199,False
base,2,1200,False
base,2,1201,False
base,2,1202,False
base,2,1203,False
base,2,1204,False
base,2,1205,False
base,2,1206,False
base,2,1207,False
base,2,1208,False
base,2,1209,False
base,2,1210,False
base,2,1211,False
base,2,1212,False
base,2,1213,False
base,2,1214,False
base,2,1215,False
base,2,1216,False
base,2,1217,False
base,2,1218,False
base,2,1219,False
base,2,1220,False
base,2,1221,False
base,2,1222,False
base,2,1223,False
base,2,1224,False
base,2,1225,False
base,2,1226,False
base,2,1227,False
base,2,1228,False
base,2,1229,False
base,2,1230,False
base,2,1231,False
base,2,1232,False
base,2,1233,False
base,2,1234,False
base,2,1235,False
base,2,1236,False
base,2,1237,False
base,2,1238,False
base,2,1239,False
base,2,1240,False
base,2,1241,False
base,2,1242,False
base,2,1243,False
base,2,1244,False
base,2,1245,False
base,2,1246,False
base,2,1247,False
base,2,1248,False
base,2,1249,False
base,2,1250,False
base,2,1251,False
base,2,1252,False
base,2,1253,False
base,2,1254,False
base,2,1255,False
base,2,1256,False
base,2,1257,False
base,2,1258,False
base,2,1259,False
base,2,1260,False
base,2,1261,False
base,2,1262,False
base,2,1263,False
base,2,1264,False
base,2,1265,False
base,2,1266,False
base,2,1267,False
base,2,1268,False
base,2,1269,False
base,2,1270,False
base,2,1271,False
base,2,1272,False
base,2,1273,False
base,2,1274,False
base,2,1275,False
base,2,1276,False
base,2,1277,False
base,2,1278,False
base,2,1279,False
base,2,1280,False
base,2,1281,False
base,2,1282,False
base,2,1283,False
base,2,1284,False
base,2,1285,False
base,2,1286,False
base,2,1287,False
base,2,1288,False
base,2,1289,False
base,2,1290,False
base,2,1291,False
base,2,1292,False
base,2,1293,False
base,2,1294,False
base,2,1295,False
base,2,1296,False
base,2,1297,False
base,2,1298,False
base,2,1299,False
base,2,1300,False
base,2,1301,False
base,2,1302,False
base,2,1303,False
base,2,1304,False
base,2,1305,False
base,2,1306,False
base,2,1307,False
base,2,1308,False
base,2,1309,False
base,2,1310,False
base,2,1311,False
base,2,1312,False
base,2,1313,False
base,2,1314,False
base,2,1315,False
base,2,1316,False
base,2,1317,False
base,2,1318,False
base,2,1319,False
base,2,1320,False
base,2,1321,False
base,2,1322,False
base,2,1323,False
base,2,1324,False
base,2,1325,False
base,2,1326,False
base,2,1327,False
base,2,1328,False
base,2,1329,False
base,2,1330,False
base,2,1331,False
base,2,1332,False
base,2,1333,False
base,2,1334,False
base,2,1335,False
base,2,1336,False
base,2,1337,False
base,2,1338,False
base,2,1339,False
base,2,1340,False
base,2,1341,False
base,2,1342,False
base,2,1343,False
base,2,1344,False
base,2,1345,False
base,2,1346,False
base,2,1347,False
base,2,1348,False
base,2,1349,False
base,2,1350,False
base,2,1351,False
base,2,1352,False
base,2,1353,False
base,2,1354,False
base,2,1355,False
base,2,1356,False
base,2,1357,False
base,2,1358,False
base,2,1359,False
base,2,1360,False
base,2,1361,False
base,2,1362,False
base,2,1363,False
base,2,1364,False
base,2,1365,False
base,2,1366,False
base,2,1367,False
base,2,1368,False
base,2,1369,False
base,2,1370,False
base,2,1371,False
base,2,1372,False
base,2,1373,False
base,2,1374,False
base,2,1375,False
base,2,1376,False
base,2,1377,False
base,2,1378,False
base,2,1379,False
base,2,1380,False
base,2,1381,False
base,2,1382,False
base,2,1383,False
base,2,1384,False
base,2,1385,False
base,2,1386,False
base,2,1387,False
base,2,1388,False
base,2,1389,False
base,2,1390,False
base,2,1391,False
base,2,1392,False
base,2,1393,False
base,2,1394,False
base,2,1395,False
base,2,1396,False
base,2,1397,False
base,2,1398,False
base,2,1399,False
base,2,1400,False
base,2,1401,False
base,2,1402,False
base,2,1403,False
base,2,1404,False
base,2,1405,False
base,2,1406,False
base,2,1407,False
base,2,1408,False
base,2,1409,False
base,2,1410,False
base,2,1411,False
base,2,1412,False
base,2,1413,False
base,2,1414,False
base,2,1415,False
base,2,1416,False
base,2,1417,False
base,2,1418,False
base,2,1419,False
base,2,1420,False
base,2,1421,False
base,2,1422,False
base,2,1423,False
base,2,1424,False
base,2,1425,False
base,2,1426,False
base,2,1427,False
base,2,1428,False
base,2,1429,False
base,2,1430,False
base,2,1431,False
base,2,1432,False
base,2,1433,False
base,2,1434,False
base,2,1435,False
base,2,1436,False
base,2,1437,False
base,2,1438,False
base,2,1439,False
base,2,1440,False
base,2,1441,False
base,2,1442,False
base,2,1443,False
base,2,1444,False
base,2,1445,False
base,2,1446,False
base,2,1447,False
base,2,1448,False
base,2,1449,False
base,2,1450,False
base,2,1451,False
base,2,1452,False
base,2,1453,False
base,2,1454,False
base,2,1455,False
base,2,1456,False
base,2,1457,False
base,2,1458,False
base,2,1459,False
base,2,1460,False
base,2,1461,False
base,2,1462,False
base,2,1463,False
base,2,1464,False
base,2,1465,False
base,2,1466,False
base,2,1467,False
base,2,1468,False
base,2,1469,False
base,2,1470,False
base,2,1471,False
base,2,1472,False
base,2,1473,False
base,2,1474,False
base,2,1475,False
base,2,1476,False
base,2,1477,False
base,2,1478,False
base,2,1479,False
base,2,1480,False
base,2,1481,False
base,2,1482,False
base,2,1483,False
base,2,1484,False
base,2,1485,False
base,2,1486,False
base,2,1487,False
base,2,1488,False
base,2,1489,False
base,2,1490,False
base,2,1491,False
base,2,1492,False
base,2,1493,False
base,2,1494,False
base,2,1495,False
base,2,1496,False
base,2,1497,False
base,2,1498,False
base,2,1499,False
base,3,0,False
base,3,1,False
base,3,2,False
base,3,3,False
base,3,4,False
base,3,5,False
base,3,6,False
base,3,7,False
base,3,8,False
base,3,9,False
base,3,10,False
base,3,11,False
base,3,12,False
base,3,13,False
base,3,14,False
base,3,15,False
base,3,16,False
base,3,17,False
base,3,18,False
base,3,19,False
base,3,20,False
base,3,21,False
base,3,22,False
base,3,23,False
base,3,24,False
base,3,25,False
base,3,26,False
base,3,27,False
base,3,28,False
base,3,29,False
base,3,30,False
base,3,31,False
base,3,32,False
base,3,33,False
base,3,34,False
base,3,35,False
base,3,36,False
base,3,37,False
base,3,38,False
base,3,39,False
base,3,40,False
base,3,41,False
base,3,42,False
base,3,43,False
base,3,44,False
base,3,45,False
base,3,46,False
base,3,47,False
base,3,48,False
base,3,49,False
base,3,50,False
base,3,51,False
base,3,52,False
base,3,53,False
base,3,54,False
base,3,55,False
base,3,56,False
base,3,57,False
base,3,58,False
base,3,59,False
base,3,60,False
base,3,61,False
base,3,62,False
base,3,63,False
base,3,64,False
base,3,65,False
base,3,66,False
base,3,67,False
base,3,68,False
base,3,69,False
base,3,70,False
base,3,71,False
base,3,72,False
base,3,73,False
base,3,74,False
base,3,75,False
base,3,76,False
base,3,77,False
base,3,78,False
base,3,79,False
base,3,80,False
base,3,81,False
base,3,82,False
base,3,83,False
base,3,84,False
base,3,85,False
base,3,86,False
base,3,87,False
base,3,88,False
base,3,89,False
base,3,90,False
base,3,91,False
base,3,92,False
base,3,93,False
base,3,94,False
base,3,95,False
base,3,96,False
base,3,97,False
base,3,98,False
base,3,99,False
base,3,100,False
base,3,101,False
base,3,102,False
base,3,103,False
base,3,104,False
base,3,105,False
base,3,106,False
base,3,107,False
base,3,108,False
base,3,109,False
base,3,110,False
base,3,111,False
base,3,112,False
base,3,113,False
base,3,114,False
base,3,115,False
base,3,116,False
base,3,117,False
base,3,118,False
base,3,119,False
base,3,120,False
base,3,121,False
base,3,122,False
base,3,123,False
base,3,124,False
base,3,125,False
base,3,126,False
base,3,127,False
base,3,128,False
base,3,129,False
base,3,130,False
base,3,131,False
base,3,132,False
base,3,133,False
base,3,134,False
base,3,135,False
base,3,136,False
base,3,137,False
base,3,138,False
base,3,139,False
base,3,140,False
base,3,141,False
base,3,142,False
base,3,143,False
base,3,144,False
base,3,145,False
base,3,146,False
base,3,147,False
base,3,148,False
base,3,149,False
base,3,150,False
base,3,151,False
base,3,152,False
base,3,153,False
base,3,154,False
base,3,155,False
base,3,156,False
base,3,157,False
base,3,158,False
base,3,159,False
base,3,160,False
base,3,161,False
base,3,162,False
base,3,163,False
base,3,164,False
base,3,165,False
base,3,166,False
base,3,167,False
base,3,168,False
base,3,169,False
base,3,170,False
base,3,171,False
base,3,172,False
base,3,173,False
base,3,174,False
base,3,175,False
base,3,176,False
base,3,177,False
base,3,178,False
base,3,179,False
base,3,180,False
base,3,181,False
base,3,182,False
base,3,183,False
base,3,184,False
base,3,185,False
base,3,186,False
base,3,187,False
base,3,188,False
base,3,189,False
base,3,190,False
base,3,191,False
base,3,192,False
base,3,193,False
base,3,194,False
base,3,195,False
base,3,196,False
base,3,197,False
base,3,198,False
base,3,199,False
base,3,200,False
base,3,201,False
base,3,202,False
base,3,203,False
base,3,204,False
base,3,205,False
base,3,206,False
base,3,207,False
base,3,208,False
base,3,209,False
base,3,210,False
base,3,211,False
base,3,212,False
base,3,213,False
base,3,214,False
base,3,215,False
base,3,216,False
base,3,217,False
base,3,218,False
base,3,219,False
base,3,220,False
base,3,221,False
base,3,222,False
base,3,223,False
base,3,224,False
base,3,225,False
base,3,226,False
base,3,227,False
base,3,228,False
base,3,229,False
base,3,230,False
base,3,231,False
base,3,232,False
base,3,233,False
base,3,234,False
base,3,235,False
base,3,236,False
base,3,237,False
base,3,238,False
base,3,239,False
base,3,240,False
base,3,241,False
base,3,242,False
base,3,243,False
base,3,244,False
base,3,245,False
base,3,246,False
base,3,247,False
base,3,248,False
base,3,249,False
base,3,250,False
base,3,251,False
base,3,252,False
base,3,253,False
base,3,254,False
base,3,255,False
base,3,256,False
base,3,257,False
base,3,258,False
base,3,259,False
base,3,260,False
base,3,261,False
base,3,262,False
base,3,263,False
base,3,264,False
base,3,265,False
base,3,266,False
base,3,267,False
base,3,268,False
base,3,269,False
base,3,270,False
base,3,271,False
base,3,272,False
base,3,273,False
base,3,274,False
base,3,275,False
base,3,276,False
base,3,277,False
base,3,278,False
base,3,279,False
base,3,280,False
base,3,281,False
base,3,282,False
base,3,283,False
base,3,284,False
base,3,285,False
base,3,286,False
base,3,287,False
base,3,288,False
base,3,289,False
base,3,290,False
base,3,291,False
base,3,292,False
base,3,293,False
base,3,294,False
base,3,295,False
base,3,296,False
base,3,297,False
base,3,298,False
base,3,299,False
base,3,300,False
base,3,301,False
base,3,302,False
base,3,303,False
base,3,304,False
base,3,305,False
base,3,306,False
base,3,307,False
base,3,308,False
base,3,309,False
base,3,310,False
base,3,311,False
base,3,312,False
base,3,313,False
base,3,314,False
base,3,315,False
base,3,316,False
base,3,317,False
base,3,318,False
base,3,319,False
base,3,320,False
base,3,321,False
base,3,322,False
base,3,323,False
base,3,324,False
base,3,325,False
base,3,326,False
base,3,327,False
base,3,328,False
base,3,329,False
base,3,330,False
base,3,331,False
base,3,332,False
base,3,333,False
base,3,334,False
base,3,335,False
base,3,336,False
base,3,337,False
base,3,338,False
base,3,339,False
base,3,340,False
base,3,341,False
base,3,342,False
base,3,343,False
base,3,344,False
base,3,345,False
base,3,346,False
base,3,347,False
base,3,348,False
base,3,349,False
base,3,350,False
base,3,351,False
base,3,352,False
base,3,353,False
base,3,354,False
base,3,355,False
base,3,356,False
base,3,357,False
base,3,358,False
base,3,359,False
base,3,360,False
base,3,361,False
base,3,362,False
base,3,363,False
base,3,364,False
base,3,365,False
base,3,366,False
base,3,367,False
base,3,368,False
base,3,369,False
base,3,370,False
base,3,371,False
base,3,372,False
base,3,373,False
base,3,374,False
base,3,375,False
base,3,376,False
base,3,377,False
base,3,378,False
base,3,379,False
base,3,380,False
base,3,381,False
base,3,382,False
base,3,383,False
base,3,384,False
base,3,385,False
base,3,386,False
base,3,387,False
base,3,388,False
base,3,389,False
base,3,390,False
base,3,391,False
base,3,392,False
base,3,393,False
base,3,394,False
base,3,395,False
base,3,396,False
base,3,397,False
base,3,398,False
base,3,399,False
base,3,400,False
base,3,401,False
base,3,402,False
base,3,403,False
base,3,404,False
base,3,405,False
base,3,406,False
base,3,407,False
base,3,408,False
base,3,409,False
base,3,410,False
base,3,411,False
base,3,412,False
base,3,413,False
base,3,414,False
base,3,415,False
base,3,416,False
base,3,417,False
base,3,418,False
base,3,419,False
base,3,420,False
base,3,421,False
base,3,422,False
base,3,423,False
base,3,424,False
base,3,425,False
base,3,426,False
base,3,427,False
base,3,428,False
base,3,429,False
base,3,430,False
base,3,431,False
base,3,432,False
base,3,433,False
base,3,434,False
base,3,435,False
base,3,436,False
base,3,437,False
base,3,438,False
base,3,439,False
base,3,440,False
base,3,441,False
base,3,442,False
base,3,443,False
base,3,444,False
base,3,445,False
base,3,446,False
base,3,447,False
base,3,448,False
base,3,449,False
base,3,450,False
base,3,451,False
base,3,452,False
base,3,453,False
base,3,454,False
base,3,455,False
base,3,456,False
base,3,457,False
base,3,458,False
base,3,459,False
base,3,460,False
base,3,461,False
base,3,462,False
base,3,463,False
base,3,464,False
base,3,465,False
base,3,466,False
base,3,467,False
base,3,468,False
base,3,469,False
base,3,470,False
base,3,471,False
base,3,472,False
base,3,473,False
base,3,474,False
base,3,475,False
base,3,476,False
base,3,477,False
base,3,478,False
base,3,479,False
base,3,480,False
base,3,481,False
base,3,482,False
base,3,483,False
base,3,484,False
base,3,485,False
base,3,486,False
base,3,487,False
base,3,488,False
base,3,489,False
base,3,490,False
base,3,491,False
base,3,492,False
base,3,493,False
base,3,494,False
base,3,495,False
base,3,496,False
base,3,497,False
base,3,498,False
base,3,499,False
base,3,500,False
base,3,501,False
base,3,502,False
base,3,503,False
base,3,504,False
base,3,505,False
base,3,506,False
base,3,507,False
base,3,508,False
base,3,509,False
base,3,510,False
base,3,511,False
base,3,512,False
base,3,513,False
base,3,514,False
base,3,515,False
base,3,516,False
base,3,517,False
base,3,518,False
base,3,519,False
base,3,520,False
base,3,521,False
base,3,522,False
base,3,523,False
base,3,524,False
base,3,525,False
base,3,526,False
base,3,527,False
base,3,528,False
base,3,529,False
base,3,530,False
base,3,531,False
base,3,532,False
base,3,533,False
base,3,534,False
base,3,535,False
base,3,536,False
base,3,537,False
base,3,538,False
base,3,539,False
base,3,540,False
base,3,541,False
base,3,542,False
base,3,543,False
base,3,544,False
base,3,545,False
base,3,546,False
base,3,547,False
base,3,548,False
base,3,549,False
base,3,550,False
base,3,551,False
base,3,552,False
base,3,553,False
base,3,554,False
base,3,555,False
base,3,556,False
base,3,557,False
base,3,558,False
base,3,559,False
base,3,560,False
base,3,561,False
base,3,562,False
base,3,563,False
base,3,564,False
base,3,565,False
base,3,566,False
base,3,567,False
base,3,568,False
base,3,569,False
base,3,570,False
base,3,571,False
base,3,572,False
base,3,573,False
base,3,574,False
base,3,575,False
base,3,576,False
base,3,577,False
base,3,578,False
base,3,579,False
base,3,580,False
base,3,581,False
base,3,582,False
base,3,583,False
base,3,584,False
base,3,585,False
base,3,586,False
base,3,587,False
base,3,588,False
base,3,589,False
base,3,590,False
base,3,591,False
base,3,592,False
base,3,593,False
base,3,594,False
base,3,595,False
base,3,596,False
base,3,597,False
base,3,598,False
base,3,599,False
base,3,600,False
base,3,601,False
base,3,602,False
base,3,603,False
base,3,604,False
base,3,605,False
base,3,606,False
base,3,607,False
base,3,608,False
base,3,609,False
base,3,610,False
base,3,611,False
base,3,612,False
base,3,613,False
base,3,614,False
base,3,615,False
base,3,616,False
base,3,617,False
base,3,618,False
base,3,619,False
base,3,620,False
base,3,621,False
base,3,622,False
base,3,623,False
base,3,624,False
base,3,625,False
base,3,626,False
base,3,627,False
base,3,628,False
base,3,629,False
base,3,630,False
base,3,631,False
base,3,632,False
base,3,633,False
base,3,634,False
base,3,635,False
base,3,636,False
base,3,637,False
base,3,638,False
base,3,639,False
base,3,640,False
base,3,641,False
base,3,642,False
base,3,643,False
base,3,644,False
base,3,645,False
base,3,646,False
base,3,647,False
base,3,648,False
base,3,649,False
base,3,650,False
base,3,651,False
base,3,652,False
base,3,653,False
base,3,654,False
base,3,655,False
base,3,656,False
base,3,657,False
base,3,658,False
base,3,659,False
base,3,660,False
base,3,661,False
base,3,662,False
base,3,663,False
base,3,664,False
base,3,665,False
base,3,666,False
base,3,667,False
base,3,668,False
base,3,669,False
base,3,670,False
base,3,671,False
base,3,672,False
base,3,673,False
base,3,674,False
base,3,675,False
base,3,676,False
base,3,677,False
base,3,678,False
base,3,679,False
base,3,680,False
base,3,681,False
base,3,682,False
base,3,683,False
base,3,684,False
base,3,685,False
base,3,686,False
base,3,687,False
base,3,688,False
base,3,689,False
base,3,690,False
base,3,691,False
base,3,692,False
base,3,693,False
base,3,694,False
base,3,695,False
base,3,696,False
base,3,697,False
base,3,698,False
base,3,699,False
base,3,700,False
base,3,701,False
base,3,702,False
base,3,703,False
base,3,704,False
base,3,705,False
base,3,706,False
base,3,707,False
base,3,708,False
base,3,709,False
base,3,710,False
base,3,711,False
base,3,712,False
base,3,713,False
base,3,714,False
base,3,715,False
base,3,716,False
base,3,717,False
base,3,718,False
base,3,719,False
base,3,720,False
base,3,721,False
base,3,722,False
base,3,723,False
base,3,724,False
base,3,725,False
base,3,726,False
base,3,727,False
base,3,728,False
base,3,729,False
base,3,730,False
base,3,731,False
base,3,732,False
base,3,733,False
base,3,734,False
base,3,735,False
base,3,736,False
base,3,737,False
base,3,738,False
base,3,739,False
base,3,740,False
base,3,741,False
base,3,742,False
base,3,743,False
base,3,744,False
base,3,745,False
base,3,746,False
base,3,747,False
base,3,748,False
base,3,749,False
base,3,750,False
base,3,751,False
base,3,752,False
base,3,753,False
base,3,754,False
base,3,755,False
base,3,756,False
base,3,757,False
base,3,758,False
base,3,759,False
base,3,760,False
base,3,761,False
base,3,762,False
base,3,763,False
base,3,764,False
base,3,765,False
base,3,766,False
base,3,767,False
base,3,768,False
base,3,769,False
base,3,770,False
base,3,771,False
base,3,772,False
base,3,773,False
base,3,774,False
base,3,775,False
base,3,776,False
base,3,777,False
base,3,778,False
base,3,779,False
base,3,780,False
base,3,781,False
base,3,782,False
base,3,783,False
base,3,784,False
base,3,785,False
base,3,786,False
base,3,787,False
base,3,788,False
base,3,789,False
base,3,790,False
base,3,791,False
base,3,792,False
base,3,793,False
base,3,794,False
base,3,795,False
base,3,796,False
base,3,797,False
base,3,798,False
base,3,799,False
base,3,800,False
base,3,801,False
base,3,802,False
base,3,803,False
base,3,804,False
base,3,805,False
base,3,806,False
base,3,807,False
base,3,808,False
base,3,809,False
base,3,810,False
base,3,811,False
base,3,812,False
base,3,813,False
base,3,814,False
base,3,815,False
base,3,816,False
base,3,817,False
base,3,818,False
base,3,819,False
base,3,820,False
base,3,821,False
base,3,822,False
base,3,823,False
base,3,824,False
base,3,825,False
base,3,826,False
base,3,827,False
base,3,828,False
base,3,829,False
base,3,830,False
base,3,831,False
base,3,832,False
base,3,833,False
base,3,834,False
base,3,835,False
base,3,836,False
base,3,837,False
base,3,838,False
base,3,839,False
base,3,840,False
base,3,841,False
base,3,842,False
base,3,843,False
base,3,844,False
base,3,845,False
base,3,846,False
base,3,847,False
base,3,848,False
base,3,849,False
base,3,850,False
base,3,851,False
base,3,852,False
base,3,853,False
base,3,854,False
base,3,855,False
base,3,856,False
base,3,857,False
base,3,858,False
base,3,859,False
base,3,860,False
base,3,861,False
base,3,862,False
base,3,863,False
base,3,864,False
base,3,865,False
base,3,866,False
base,3,867,False
base,3,868,False
base,3,869,False
base,3,870,False
base,3,871,False
base,3,872,False
base,3,873,False
base,3,874,False
base,3,875,False
base,3,876,False
base,3,877,False
base,3,878,False
base,3,879,False
base,3,880,False
base,3,881,False
base,3,882,False
base,3,883,False
base,3,884,False
base,3,885,False
base,3,886,False
base,3,887,False
base,3,888,False
base,3,889,False
base,3,890,False
base,3,891,False
base,3,892,False
base,3,893,False
base,3,894,False
base,3,895,False
base,3,896,False
base,3,897,False
base,3,898,False
base,3,899,False
base,3,900,False
base,3,901,False
base,3,902,False
base,3,903,False
base,3,904,False
base,3,905,False
base,3,906,False
base,3,907,False
base,3,908,False
base,3,909,False
base,3,910,False
base,3,911,False
base,3,912,False
base,3,913,False
base,3,914,False
base,3,915,False
base,3,916,False
base,3,917,False
base,3,918,False
base,3,919,False
base,3,920,False
base,3,921,False
base,3,922,False
base,3,923,False
base,3,924,False
base,3,925,False
base,3,926,False
base,3,927,False
base,3,928,False
base,3,929,False
base,3,930,False
base,3,931,False
base,3,932,False
base,3,933,False
base,3,934,False
base,3,935,False
base,3,936,False
base,3,937,False
base,3,938,False
base,3,939,False
base,3,940,False
base,3,941,False
base,3,942,False
base,3,943,False
base,3,944,False
base,3,945,False
base,3,946,False
base,3,947,False
base,3,948,False
base,3,949,False
base,3,950,False
base,3,951,False
base,3,952,False
base,3,953,False
base,3,954,False
base,3,955,False
base,3,956,False
base,3,957,False
base,3,958,False
base,3,959,False
base,3,960,False
base,3,961,False
base,3,962,False
base,3,963,False
base,3,964,False
base,3,965,False
base,3,966,False
base,3,967,False
base,3,968,False
base,3,969,False
base,3,970,False
base,3,971,False
base,3,972,False
base,3,973,False
base,3,974,False
base,3,975,False
base,3,976,False
base,3,977,False
base,3,978,False
base,3,979,False
base,3,980,False
base,3,981,False
base,3,982,False
base,3,983,False
base,3,984,False
base,3,985,False
base,3,986,False
base,3,987,False
base,3,988,False
base,3,989,False
base,3,990,False
base,3,991,False
base,3,992,False
base,3,993,False
base,3,994,False
base,3,995,False
base,3,996,False
base,3,997,False
base,3,998,False
base,3,999,False
base,3,1000,False
base,3,1001,False
base,3,1002,False
base,3,1003,False
base,3,1004,False
base,3,1005,False
base,3,1006,False
base,3,1007,False
base,3,1008,False
base,3,1009,False
base,3,1010,False
base,3,1011,False
base,3,1012,False
base,3,1013,False
base,3,1014,False
base,3,1015,False
base,3,1016,False
base,3,1017,False
base,3,1018,False
base,3,1019,False
base,3,1020,False
base,3,1021,False
base,3,1022,False
base,3,1023,False
base,3,1024,False
base,3,1025,False
base,3,1026,False
base,3,1027,False
base,3,1028,False
base,3,1029,False
base,3,1030,False
base,3,1031,False
base,3,1032,False
base,3,1033,False
base,3,1034,False
base,3,1035,False
base,3,1036,False
base,3,1037,False
base,3,1038,False
base,3,1039,False
base,3,1040,False
base,3,1041,False
base,3,1042,False
base,3,1043,False
base,3,1044,False
base,3,1045,False
base,3,1046,False
base,3,1047,False
base,3,1048,False
base,3,1049,False
base,3,1050,False
base,3,1051,False
base,3,1052,False
base,3,1053,False
base,3,1054,False
base,3,1055,False
base,3,1056,False
base,3,1057,False
base,3,1058,False
base,3,1059,False
base,3,1060,False
base,3,1061,False
base,3,1062,False
base,3,1063,False
base,3,1064,False
base,3,1065,False
base,3,1066,False
base,3,1067,False
base,3,1068,False
base,3,1069,False
base,3,1070,False
base,3,1071,False
base,3,1072,False
base,3,1073,False
base,3,1074,False
base,3,1075,False
base,3,1076,False
base,3,1077,False
base,3,1078,False
base,3,1079,False
base,3,1080,False
base,3,1081,False
base,3,1082,False
base,3,1083,False
base,3,1084,False
base,3,1085,False
base,3,1086,False
base,3,1087,False
base,3,1088,False
base,3,1089,False
base,3,1090,False
base,3,1091,False
base,3,1092,False
base,3,1093,False
base,3,1094,False
base,3,1095,False
base,3,1096,False
base,3,1097,False
base,3,1098,False
base,3,1099,False
base,3,1100,False
base,3,1101,False
base,3,1102,False
base,3,1103,False
base,3,1104,False
base,3,1105,False
base,3,1106,False
base,3,1107,False
base,3,1108,False
base,3,1109,False
base,3,1110,False
base,3,1111,False
base,3,1112,False
base,3,1113,False
base,3,1114,False
base,3,1115,False
base,3,1116,False
base,3,1117,False
base,3,1118,False
base,3,1119,False
base,3,1120,False
base,3,1121,False
base,3,1122,False
base,3,1123,False
base,3,1124,False
base,3,1125,False
base,3,1126,False
base,3,1127,False
base,3,1128,False
base,3,1129,False
base,3,1130,False
base,3,1131,False
base,3,1132,False
base,3,1133,False
base,3,1134,False
base,3,1135,False
base,3,1136,False
base,3,1137,False
base,3,1138,False
base,3,1139,False
base,3,1140,False
base,3,1141,False
base,3,1142,False
base,3,1143,False
base,3,1144,False
base,3,1145,False
base,3,1146,False
base,3,1147,False
base,3,1148,False
base,3,1149,False
base,3,1150,False
base,3,1151,False
base,3,1152,False
base,3,1153,False
base,3,1154,False
base,3,1155,False
base,3,1156,False
base,3,1157,False
base,3,1158,False
base,3,1159,False
base,3,1160,False
base,3,1161,False
base,3,1162,False
base,3,1163,False
base,3,1164,False
base,3,1165,False
base,3,1166,False
base,3,1167,False
base,3,1168,False
base,3,1169,False
base,3,1170,False
base,3,1171,False
base,3,1172,False
base,3,1173,False
base,3,1174,False
base,3,1175,False
base,3,1176,False
base,3,1177,False
base,3,1178,False
base,3,1179,False
base,3,1180,False
base,3,1181,False
base,3,1182,False
base,3,1183,False
base,3,1184,False
base,3,1185,False
base,3,1186,False
base,3,1187,False
base,3,1188,False
base,3,1189,False
base,3,1190,False
base,3,1191,False
base,3,1192,False
base,3,1193,False
base,3,1194,False
base,3,1195,False
base,3,1196,False
base,3,1197,False
base,3,1198,False
base,3,1199,False
base,3,1200,False
base,3,1201,False
base,3,1202,False
base,3,1203,False
base,3,1204,False
base,3,1205,False
base,3,1206,False
base,3,1207,False
base,3,1208,False
base,3,1209,False
base,3,1210,False
base,3,1211,False
base,3,1212,False
base,3,1213,False
base,3,1214,False
base,3,1215,False
base,3,1216,False
base,3,1217,False
base,3,1218,False
base,3,1219,False
base,3,1220,False
base,3,1221,False
base,3,1222,False
base,3,1223,False
base,3,1224,False
base,3,1225,False
base,3,1226,False
base,3,1227,False
base,3,1228,False
base,3,1229,False
base,3,1230,False
base,3,1231,False
base,3,1232,False
base,3,1233,False
base,3,1234,False
base,3,1235,False
base,3,1236,False
base,3,1237,False
base,3,1238,False
base,3,1239,False
base,3,1240,False
base,3,1241,False
base,3,1242,False
base,3,1243,False
base,3,1244,False
base,3,1245,False
base,3,1246,False
base,3,1247,False
base,3,1248,False
base,3,1249,False
base,3,1250,False
base,3,1251,False
base,3,1252,False
base,3,1253,False
base,3,1254,False
base,3,1255,False
base,3,1256,False
base,3,1257,False
base,3,1258,False
base,3,1259,False
base,3,1260,False
base,3,1261,False
base,3,1262,False
base,3,1263,False
base,3,1264,False
base,3,1265,False
base,3,1266,False
base,3,1267,False
base,3,1268,False
base,3,1269,False
base,3,1270,False
base,3,1271,False
base,3,1272,False
base,3,1273,False
base,3,1274,False
base,3,1275,False
base,3,1276,False
base,3,1277,False
base,3,1278,False
base,3,1279,False
base,3,1280,False
base,3,1281,False
base,3,1282,False
base,3,1283,False
base,3,1284,False
base,3,1285,False
base,3,1286,False
base,3,1287,False
base,3,1288,False
base,3,1289,False
base,3,1290,False
base,3,1291,False
base,3,1292,False
base,3,1293,False
base,3,1294,False
base,3,1295,False
base,3,1296,False
base,3,1297,False
base,3,1298,False
base,3,1299,False
base,3,1300,False
base,3,1301,False
base,3,1302,False
base,3,1303,False
base,3,1304,False
base,3,1305,False
base,3,1306,False
base,3,1307,False
base,3,1308,False
base,3,1309,False
base,3,1310,False
base,3,1311,False
base,3,1312,False
base,3,1313,False
base,3,1314,False
base,3,1315,False
base,3,1316,False
base,3,1317,False
base,3,1318,False
base,3,1319,False
base,3,1320,False
base,3,1321,False
base,3,1322,False
base,3,1323,False
base,3,1324,False
base,3,1325,False
base,3,1326,False
base,3,1327,False
base,3,1328,False
base,3,1329,False
base,3,1330,False
base,3,1331,False
base,3,1332,False
base,3,1333,False
base,3,1334,False
base,3,1335,False
base,3,1336,False
base,3,1337,False
base,3,1338,False
base,3,1339,False
base,3,1340,False
base,3,1341,False
base,3,1342,False
base,3,1343,False
base,3,1344,False
base,3,1345,False
base,3,1346,False
base,3,1347,False
base,3,1348,False
base,3,1349,False
base,3,1350,False
base,3,1351,False
base,3,1352,False
base,3,1353,False
base,3,1354,False
base,3,1355,False
base,3,1356,False
base,3,1357,False
base,3,1358,False
base,3,1359,False
base,3,1360,False
base,3,1361,False
base,3,1362,False
base,3,1363,False
base,3,1364,False
base,3,1365,False
base,3,1366,False
base,3,1367,False
base,3,1368,False
base,3,1369,False
base,3,1370,False
base,3,1371,False
base,3,1372,False
base,3,1373,False
base,3,1374,False
base,3,1375,False
base,3,1376,False
base,3,1377,False
base,3,1378,False
base,3,1379,False
base,3,1380,False
base,3,1381,False
base,3,1382,False
base,3,1383,False
base,3,1384,False
base,3,1385,False
base,3,1386,False
base,3,1387,False
base,3,1388,False
base,3,1389,False
base,3,1390,False
base,3,1391,False
base,3,1392,False
base,3,1393,False
base,3,1394,False
base,3,1395,False
base,3,1396,False
base,3,1397,False
base,3,1398,False
base,3,1399,False
base,3,1400,False
base,3,1401,False
base,3,1402,False
base,3,1403,False
base,3,1404,False
base,3,1405,False
base,3,1406,False
base,3,1407,False
base,3,1408,False
base,3,1409,False
base,3,1410,False
base,3,1411,False
base,3,1412,False
base,3,1413,False
base,3,1414,False
base,3,1415,False
base,3,1416,False
base,3,1417,False
base,3,1418,False
base,3,1419,False
base,3,1420,False
base,3,1421,False
base,3,1422,False
base,3,1423,False
base,3,1424,False
base,3,1425,False
base,3,1426,False
base,3,1427,False
base,3,1428,False
base,3,1429,False
base,3,1430,False
base,3,1431,False
base,3,1432,False
base,3,1433,False
base,3,1434,False
base,3,1435,False
base,3,1436,False
base,3,1437,False
base,3,1438,False
base,3,1439,False
base,3,1440,False
base,3,1441,False
base,3,1442,False
base,3,1443,False
base,3,1444,False
base,3,1445,False
base,3,1446,False
base,3,1447,False
base,3,1448,False
base,3,1449,False
base,3,1450,False
base,3,1451,False
base,3,1452,False
base,3,1453,False
base,3,1454,False
base,3,1455,False
base,3,1456,False
base,3,1457,False
base,3,1458,False
base,3,1459,False
base,3,1460,False
base,3,1461,False
base,3,1462,False
base,3,1463,False
base,3,1464,False
base,3,1465,False
base,3,1466,False
base,3,1467,False
base,3,1468,False
base,3,1469,False
base,3,1470,False
base,3,1471,False
base,3,1472,False
base,3,1473,False
base,3,1474,False
base,3,1475,False
base,3,1476,False
base,3,1477,False
base,3,1478,False
base,3,1479,False
base,3,1480,False
base,3,1481,False
base,3,1482,False
base,3,1483,False
base,3,1484,False
base,3,1485,False
base,3,1486,False
base,3,1487,False
base,3,1488,False
base,3,1489,False
base,3,1490,False
base,3,1491,False
base,3,1492,False
base,3,1493,False
base,3,1494,False
base,3,1495,False
base,3,1496,False
base,3,1497,False
base,3,1498,False
base,3,1499,False
transfer,0,0,False
transfer,0,1,False
transfer,0,2,False
transfer,0,3,False
transfer,0,4,False
transfer,0,5,False
transfer,0,6,False
transfer,0,7,False
transfer,0,8,False
transfer,0,9,False
transfer,0,10,False
transfer,0,11,False
transfer,0,12,False
transfer,0,13,False
transfer,0,14,False
transfer,0,15,False
transfer,0,16,False
transfer,0,17,False
transfer,0,18,False
transfer,0,19,False
transfer,0,20,False
transfer,0,21,False
transfer,0,22,False
transfer,0,23,False
transfer,0,24,False
transfer,0,25,False
transfer,0,26,False
transfer,0,27,False
transfer,0,28,False
transfer,0,29,False
transfer,0,30,False
transfer,0,31,False
transfer,0,32,False
transfer,0,33,False
transfer,0,34,False
transfer,0,35,False
transfer,0,36,False
transfer,0,37,False
transfer,0,38,False
transfer,0,39,False
transfer,0,40,False
transfer,0,41,False
transfer,0,42,False
transfer,0,43,False
transfer,0,44,False
transfer,0,45,False
transfer,0,46,False
transfer,0,47,False
transfer,0,48,False
transfer,0,49,False
transfer,0,50,False
transfer,0,51,False
transfer,0,52,False
transfer,0,53,False
transfer,0,54,False
transfer,0,55,False
transfer,0,56,False
transfer,0,57,False
transfer,0,58,False
transfer,0,59,False
transfer,0,60,False
transfer,0,61,False
transfer,0,62,False
transfer,0,63,False
transfer,0,64,False
transfer,0,65,False
transfer,0,66,False
transfer,0,67,False
transfer,0,68,False
transfer,0,69,False
transfer,0,70,False
transfer,0,71,False
transfer,0,72,False
transfer,0,73,False
transfer,0,74,False
transfer,0,75,False
transfer,0,76,False
transfer,0,77,False
transfer,0,78,False
transfer,0,79,False
transfer,0,80,False
transfer,0,81,False
transfer,0,82,False
transfer,0,83,False
transfer,0,84,False
transfer,0,85,False
transfer,0,86,False
transfer,0,87,False
transfer,0,88,False
transfer,0,89,False
transfer,0,90,False
transfer,0,91,False
transfer,0,92,False
transfer,0,93,False
transfer,0,94,False
transfer,0,95,False
transfer,0,96,False
transfer,0,97,False
transfer,0,98,False
transfer,0,99,False
transfer,0,100,False
transfer,0,101,False
transfer,0,102,False
transfer,0,103,False
transfer,0,104,False
transfer,0,105,False
transfer,0,106,False
transfer,0,107,False
transfer,0,108,False
transfer,0,109,False
transfer,0,110,False
transfer,0,111,False
transfer,0,112,False
transfer,0,113,False
transfer,0,114,False
transfer,0,115,False
transfer,0,116,False
transfer,0,117,False
transfer,0,118,False
transfer,0,119,False
transfer,0,120,False
transfer,0,121,False
transfer,0,122,False
transfer,0,123,False
transfer,0,124,False
transfer,0,125,False
transfer,0,126,False
transfer,0,127,False
transfer,0,128,False
transfer,0,129,False
transfer,0,130,False
transfer,0,131,False
transfer,0,132,False
transfer,0,133,False
transfer,0,134,False
transfer,0,135,False
transfer,0,136,False
transfer,0,137,False
transfer,0,138,False
transfer,0,139,False
transfer,0,140,False
transfer,0,141,False
transfer,0,142,False
transfer,0,143,False
transfer,0,144,False
transfer,0,145,False
transfer,0,146,False
transfer,0,147,False
transfer,0,148,False
transfer,0,149,False
transfer,0,150,False
transfer,0,151,False
transfer,0,152,False
transfer,0,153,False
transfer,0,154,False
transfer,0,155,False
transfer,0,156,False
transfer,0,157,False
transfer,0,158,False
transfer,0,159,False
transfer,0,160,False
transfer,0,161,False
transfer,0,162,False
transfer,0,163,False
transfer,0,164,False
transfer,0,165,False
transfer,0,166,False
transfer,0,167,False
transfer,0,168,False
transfer,0,169,False
transfer,0,170,False
transfer,0,171,False
transfer,0,172,False
transfer,0,173,False
transfer,0,174,False
transfer,0,175,False
transfer,0,176,False
transfer,0,177,False
transfer,0,178,False
transfer,0,179,False
transfer,0,180,False
transfer,0,181,False
transfer,0,182,False
transfer,0,183,False
transfer,0,184,False
transfer,0,185,False
transfer,0,186,False
transfer,0,187,False
transfer,0,188,False
transfer,0,189,False
transfer,0,190,False
transfer,0,191,False
transfer,0,192,False
transfer,0,193,False
transfer,0,194,False
transfer,0,195,False
transfer,0,196,False
transfer,0,197,False
transfer,0,198,False
transfer,0,199,False
transfer,0,200,False
transfer,0,201,False
transfer,0,202,False
transfer,0,203,False
transfer,0,204,False
transfer,0,205,False
transfer,0,206,False
transfer,0,207,False
transfer,0,208,False
transfer,0,209,False
transfer,0,210,False
transfer,0,211,False
transfer,0,212,False
transfer,0,213,False
transfer,0,214,False
transfer,0,215,False
transfer,0,216,False
transfer,0,217,False
transfer,0,218,False
transfer,0,219,False
transfer,0,220,False
transfer,0,221,False
transfer,0,222,False
transfer,0,223,False
transfer,0,224,False
transfer,0,225,False
transfer,0,226,False
transfer,0,227,False
transfer,0,228,False
transfer,0,229,False
transfer,0,230,False
transfer,0,231,False
transfer,0,232,False
transfer,0,233,False
transfer,0,234,False
transfer,0,235,False
transfer,0,236,False
transfer,0,237,False
transfer,0,238,False
transfer,0,239,False
transfer,0,240,False
transfer,0,241,False
transfer,0,242,False
transfer,0,243,False
transfer,0,244,False
transfer,0,245,False
transfer,0,246,False
transfer,0,247,False
transfer,0,248,False
transfer,0,249,False
transfer,0,250,False
transfer,0,251,False
transfer,0,252,False
transfer,0,253,False
transfer,0,254,False
transfer,0,255,False
transfer,0,256,False
transfer,0,257,False
transfer,0,258,False
transfer,0,259,False
transfer,0,260,False
transfer,0,261,False
transfer,0,262,False
transfer,0,263,False
transfer,0,264,False
transfer,0,265,False
transfer,0,266,False
transfer,0,267,False
transfer,0,268,False
transfer,0,269,False
transfer,0,270,False
transfer,0,271,False
transfer,0,272,False
transfer,0,273,False
transfer,0,274,False
transfer,0,275,False
transfer,0,276,False
transfer,0,277,False
transfer,0,278,False
transfer,0,279,False
transfer,0,280,False
transfer,0,281,False
transfer,0,282,False
transfer,0,283,False
transfer,0,284,False
transfer,0,285,False
transfer,0,286,False
transfer,0,287,False
transfer,0,288,False
transfer,0,289,False
transfer,0,290,False
transfer,0,291,False
transfer,0,292,False
transfer,0,293,False
transfer,0,294,False
transfer,0,295,False
transfer,0,296,False
transfer,0,297,False
transfer,0,298,False
transfer,0,299,False
transfer,0,300,False
transfer,0,301,False
transfer,0,302,False
transfer,0,303,False
transfer,0,304,False
transfer,0,305,False
transfer,0,306,False
transfer,0,307,False
transfer,0,308,False
transfer,0,309,False
transfer,0,310,False
transfer,0,311,False
transfer,0,312,False
transfer,0,313,False
transfer,0,314,False
transfer,0,315,False
transfer,0,316,False
transfer,0,317,False
transfer,0,318,False
transfer,0,319,False
transfer,0,320,False
transfer,0,321,False
transfer,0,322,False
transfer,0,323,False
transfer,0,324,False
transfer,0,325,False
transfer,0,326,False
transfer,0,327,False
transfer,0,328,False
transfer,0,329,False
transfer,0,330,False
transfer,0,331,False
transfer,0,332,False
transfer,0,333,False
transfer,0,334,False
transfer,0,335,False
transfer,0,336,False
transfer,0,337,False
transfer,0,338,False
transfer,0,339,False
transfer,0,340,False
transfer,0,341,False
transfer,0,342,False
transfer,0,343,False
transfer,0,344,False
transfer,0,345,False
transfer,0,346,False
transfer,0,347,False
transfer,0,348,False
transfer,0,349,False
transfer,0,350,False
transfer,0,351,False
transfer,0,352,False
transfer,0,353,False
transfer,0,354,False
transfer,0,355,False
transfer,0,356,False
transfer,0,357,False
transfer,0,358,False
transfer,0,359,False
transfer,0,360,False
transfer,0,361,False
transfer,0,362,False
transfer,0,363,False
transfer,0,364,False
transfer,0,365,False
transfer,0,366,False
transfer,0,367,False
transfer,0,368,False
transfer,0,369,False
transfer,0,370,False
transfer,0,371,False
transfer,0,372,False
transfer,0,373,False
transfer,0,374,False
transfer,0,375,False
transfer,0,376,False
transfer,0,377,False
transfer,0,378,False
transfer,0,379,False
transfer,0,380,False
transfer,0,381,False
transfer,0,382,False
transfer,0,383,False
transfer,0,384,False
transfer,0,385,False
transfer,0,386,False
transfer,0,387,False
transfer,0,388,False
transfer,0,389,False
transfer,0,390,False
transfer,0,391,False
transfer,0,392,False
transfer,0,393,False
transfer,0,394,False
transfer,0,395,False
transfer,0,396,False
transfer,0,397,False
transfer,0,398,False
transfer,0,399,False
transfer,0,400,False
transfer,0,401,False
transfer,0,402,False
transfer,0,403,False
transfer,0,404,False
transfer,0,405,False
transfer,0,406,False
transfer,0,407,False
transfer,0,408,False
transfer,0,409,False
transfer,0,410,False
transfer,0,411,False
transfer,0,412,False
transfer,0,413,False
transfer,0,414,False
transfer,0,415,False
transfer,0,416,False
transfer,0,417,False
transfer,0,418,False
transfer,0,419,False
transfer,0,420,False
transfer,0,421,False
transfer,0,422,False
transfer,0,423,False
transfer,0,424,False
transfer,0,425,False
transfer,0,426,False
transfer,0,427,False
transfer,0,428,False
transfer,0,429,False
transfer,0,430,False
transfer,0,431,False
transfer,0,432,False
transfer,0,433,False
transfer,0,434,False
transfer,0,435,False
transfer,0,436,False
transfer,0,437,False
transfer,0,438,False
transfer,0,439,False
transfer,0,440,False
transfer,0,441,False
transfer,0,442,False
transfer,0,443,False
transfer,0,444,False
transfer,0,445,False
transfer,0,446,False
transfer,0,447,False
transfer,0,448,False
transfer,0,449,False
transfer,0,450,False
transfer,0,451,False
transfer,0,452,False
transfer,0,453,False
transfer,0,454,False
transfer,0,455,False
transfer,0,456,False
transfer,0,457,False
transfer,0,458,False
transfer,0,459,False
transfer,0,460,False
transfer,0,461,False
transfer,0,462,False
transfer,0,463,False
transfer,0,464,False
transfer,0,465,False
transfer,0,466,False
transfer,0,467,False
transfer,0,468,False
transfer,0,469,False
transfer,0,470,False
transfer,0,471,False
transfer,0,472,False
transfer,0,473,False
transfer,0,474,False
transfer,0,475,False
transfer,0,476,False
transfer,0,477,False
transfer,0,478,False
transfer,0,479,False
transfer,0,480,False
transfer,0,481,False
transfer,0,482,False
transfer,0,483,False
transfer,0,484,False
transfer,0,485,False
transfer,0,486,False
transfer,0,487,False
transfer,0,488,False
transfer,0,489,False
transfer,0,490,False
transfer,0,491,False
transfer,0,492,False
transfer,0,493,False
transfer,0,494,False
transfer,0,495,False
transfer,0,496,False
transfer,0,497,False
transfer,0,498,False
transfer,0,499,False
transfer,0,500,False
transfer,0,501,False
transfer,0,502,False
transfer,0,503,False
transfer,0,504,False
transfer,0,505,False
transfer,0,506,False
transfer,0,507,False
transfer,0,508,False
transfer,0,509,False
transfer,0,510,False
transfer,0,511,False
transfer,0,512,False
transfer,0,513,False
transfer,0,514,False
transfer,0,515,False
transfer,0,516,False
transfer,0,517,False
transfer,0,518,False
transfer,0,519,False
transfer,0,520,False
transfer,0,521,False
transfer,0,522,False
transfer,0,523,False
transfer,0,524,False
transfer,0,525,False
transfer,0,526,False
transfer,0,527,False
transfer,0,528,False
transfer,0,529,False
transfer,0,530,False
transfer,0,531,False
transfer,0,532,False
transfer,0,533,False
transfer,0,534,False
transfer,0,535,False
transfer,0,536,False
transfer,0,537,False
transfer,0,538,False
transfer,0,539,False
transfer,0,540,False
transfer,0,541,False
transfer,0,542,False
transfer,0,543,False
transfer,0,544,False
transfer,0,545,False
transfer,0,546,False
transfer,0,547,False
transfer,0,548,False
transfer,0,549,False
transfer,0,550,False
transfer,0,551,False
transfer,0,552,False
transfer,0,553,False
transfer,0,554,False
transfer,0,555,False
transfer,0,556,False
transfer,0,557,False
transfer,0,558,False
transfer,0,559,False
transfer,0,560,False
transfer,0,561,False
transfer,0,562,False
transfer,0,563,False
transfer,0,564,False
transfer,0,565,False
transfer,0,566,False
transfer,0,567,False
transfer,0,568,False
transfer,0,569,False
transfer,0,570,False
transfer,0,571,False
transfer,0,572,False
transfer,0,573,False
transfer,0,574,False
transfer,0,575,False
transfer,0,576,False
transfer,0,577,False
transfer,0,578,False
transfer,0,579,False
transfer,0,580,False
transfer,0,581,False
transfer,0,582,False
transfer,0,583,False
transfer,0,584,False
transfer,0,585,False
transfer,0,586,False
transfer,0,587,False
transfer,0,588,False
transfer,0,589,False
transfer,0,590,False
transfer,0,591,False
transfer,0,592,False
transfer,0,593,False
transfer,0,594,False
transfer,0,595,False
transfer,0,596,False
transfer,0,597,False
transfer,0,598,False
transfer,0,599,False
transfer,0,600,False
transfer,0,601,False
transfer,0,602,False
transfer,0,603,False
transfer,0,604,False
transfer,0,605,False
transfer,0,606,False
transfer,0,607,False
transfer,0,608,False
transfer,0,609,False
transfer,0,610,False
transfer,0,611,False
transfer,0,612,False
transfer,0,613,False
transfer,0,614,False
transfer,0,615,False
transfer,0,616,False
transfer,0,617,False
transfer,0,618,False
transfer,0,619,False
transfer,0,620,False
transfer,0,621,False
transfer,0,622,False
transfer,0,623,False
transfer,0,624,False
transfer,0,625,False
transfer,0,626,False
transfer,0,627,False
transfer,0,628,False
transfer,0,629,False
transfer,0,630,False
transfer,0,631,False
transfer,0,632,False
transfer,0,633,False
transfer,0,634,False
transfer,0,635,False
transfer,0,636,False
transfer,0,637,False
transfer,0,638,False
transfer,0,639,False
transfer,0,640,False
transfer,0,641,False
transfer,0,642,False
transfer,0,643,False
transfer,0,644,False
transfer,0,645,False
transfer,0,646,False
transfer,0,647,False
transfer,0,648,False
transfer,0,649,False
transfer,0,650,False
transfer,0,651,False
transfer,0,652,False
transfer,0,653,False
transfer,0,654,False
transfer,0,655,False
transfer,0,656,False
transfer,0,657,False
transfer,0,658,False
transfer,0,659,False
transfer,0,660,False
transfer,0,661,False
transfer,0,662,False
transfer,0,663,False
transfer,0,664,False
transfer,0,665,False
transfer,0,666,False
transfer,0,667,False
transfer,0,668,False
transfer,0,669,False
transfer,0,670,False
transfer,0,671,False
transfer,0,672,False
transfer,0,673,False
transfer,0,674,False
transfer,0,675,False
transfer,0,676,False
transfer,0,677,False
transfer,0,678,False
transfer,0,679,False
transfer,0,680,False
transfer,0,681,False
transfer,0,682,False
transfer,0,683,False
transfer,0,684,False
transfer,0,685,False
transfer,0,686,False
transfer,0,687,False
transfer,0,688,False
transfer,0,689,False
transfer,0,690,False
transfer,0,691,False
transfer,0,692,False
transfer,0,693,False
transfer,0,694,False
transfer,0,695,False
transfer,0,696,False
transfer,0,697,False
transfer,0,698,False
transfer,0,699,False
transfer,0,700,False
transfer,0,701,False
transfer,0,702,False
transfer,0,703,False
transfer,0,704,False
transfer,0,705,False
transfer,0,706,False
transfer,0,707,False
transfer,0,708,False
transfer,0,709,False
transfer,0,710,False
transfer,0,711,False
transfer,0,712,False
transfer,0,713,False
transfer,0,714,False
transfer,0,715,False
transfer,0,716,False
transfer,0,717,False
transfer,0,718,False
transfer,0,719,False
transfer,0,720,False
transfer,0,721,False
transfer,0,722,False
transfer,0,723,False
transfer,0,724,False
transfer,0,725,False
transfer,0,726,False
transfer,0,727,False
transfer,0,728,False
transfer,0,729,False
transfer,0,730,False
transfer,0,731,False
transfer,0,732,False
transfer,0,733,False
transfer,0,734,False
transfer,0,735,False
transfer,0,736,False
transfer,0,737,False
transfer,0,738,False
transfer,0,739,False
transfer,0,740,False
transfer,0,741,False
transfer,0,742,False
transfer,0,743,False
transfer,0,744,False
transfer,0,745,False
transfer,0,746,False
transfer,0,747,False
transfer,0,748,False
transfer,0,749,False
transfer,0,750,False
transfer,0,751,False
transfer,0,752,False
transfer,0,753,False
transfer,0,754,False
transfer,0,755,False
transfer,0,756,False
transfer,0,757,False
transfer,0,758,False
transfer,0,759,False
transfer,0,760,False
transfer,0,761,False
transfer,0,762,False
transfer,0,763,False
transfer,0,764,False
transfer,0,765,False
transfer,0,766,False
transfer,0,767,False
transfer,0,768,False
transfer,0,769,False
transfer,0,770,False
transfer,0,771,False
transfer,0,772,False
transfer,0,773,False
transfer,0,774,False
transfer,0,775,False
transfer,0,776,False
transfer,0,777,False
transfer,0,778,False
transfer,0,779,False
transfer,0,780,False
transfer,0,781,False
transfer,0,782,False
transfer,0,783,False
transfer,0,784,False
transfer,0,785,False
transfer,0,786,False
transfer,0,787,False
transfer,0,788,False
transfer,0,789,False
transfer,0,790,False
transfer,0,791,False
transfer,0,792,False
transfer,0,793,False
transfer,0,794,False
transfer,0,795,False
transfer,0,796,False
transfer,0,797,False
transfer,0,798,False
transfer,0,799,False
transfer,0,800,False
transfer,0,801,False
transfer,0,802,False
transfer,0,803,False
transfer,0,804,False
transfer,0,805,False
transfer,0,806,False
transfer,0,807,False
transfer,0,808,False
transfer,0,809,False
transfer,0,810,False
transfer,0,811,False
transfer,0,812,False
transfer,0,813,False
transfer,0,814,False
transfer,0,815,False
transfer,0,816,False
transfer,0,817,False
transfer,0,818,False
transfer,0,819,False
transfer,0,820,False
transfer,0,821,False
transfer,0,822,False
transfer,0,823,False
transfer,0,824,False
transfer,0,825,False
transfer,0,826,False
transfer,0,827,False
transfer,0,828,False
transfer,0,829,False
transfer,0,830,False
transfer,0,831,False
transfer,0,832,False
transfer,0,833,False
transfer,0,834,False
transfer,0,835,False
transfer,0,836,False
transfer,0,837,False
transfer,0,838,False
transfer,0,839,False
transfer,0,840,False
transfer,0,841,False
transfer,0,842,False
transfer,0,843,False
transfer,0,844,False
transfer,0,845,False
transfer,0,846,False
transfer,0,847,False
transfer,0,848,False
transfer,0,849,False
transfer,0,850,False
transfer,0,851,False
transfer,0,852,False
transfer,0,853,False
transfer,0,854,False
transfer,0,855,False
transfer,0,856,False
transfer,0,857,False
transfer,0,858,False
transfer,0,859,False
transfer,0,860,False
transfer,0,861,False
transfer,0,862,False
transfer,0,863,False
transfer,0,864,False
transfer,0,865,False
transfer,0,866,False
transfer,0,867,False
transfer,0,868,False
transfer,0,869,False
transfer,0,870,False
transfer,0,871,False
transfer,0,872,False
transfer,0,873,False
transfer,0,874,False
transfer,0,875,False
transfer,0,876,False
transfer,0,877,False
transfer,0,878,False
transfer,0,879,False
transfer,0,880,False
transfer,0,881,False
transfer,0,882,False
transfer,0,883,False
transfer,0,884,False
transfer,0,885,False
transfer,0,886,False
transfer,0,887,False
transfer,0,888,False
transfer,0,889,False
transfer,0,890,False
transfer,0,891,False
transfer,0,892,False
transfer,0,893,False
transfer,0,894,False
transfer,0,895,False
transfer,0,896,False
transfer,0,897,False
transfer,0,898,False
transfer,0,899,False
transfer,0,900,False
transfer,0,901,False
transfer,0,902,False
transfer,0,903,False
transfer,0,904,False
transfer,0,905,False
transfer,0,906,False
transfer,0,907,False
transfer,0,908,False
transfer,0,909,False
transfer,0,910,False
transfer,0,911,False
transfer,0,912,False
transfer,0,913,False
transfer,0,914,False
transfer,0,915,False
transfer,0,916,False
transfer,0,917,False
transfer,0,918,False
transfer,0,919,False
transfer,0,920,False
transfer,0,921,False
transfer,0,922,False
transfer,0,923,False
transfer,0,924,False
transfer,0,925,False
transfer,0,926,False
transfer,0,927,False
transfer,0,928,False
transfer,0,929,False
transfer,0,930,False
transfer,0,931,False
transfer,0,932,False
transfer,0,933,False
transfer,0,934,False
transfer,0,935,False
transfer,0,936,False
transfer,0,937,False
transfer,0,938,False
transfer,0,939,False
transfer,0,940,False
transfer,0,941,False
transfer,0,942,False
transfer,0,943,False
transfer,0,944,False
transfer,0,945,False
transfer,0,946,False
transfer,0,947,False
transfer,0,948,False
transfer,0,949,False
transfer,0,950,False
transfer,0,951,False
transfer,0,952,False
transfer,0,953,False
transfer,0,954,False
transfer,0,955,False
transfer,0,956,False
transfer,0,957,False
transfer,0,958,False
transfer,0,959,False
transfer,0,960,False
transfer,0,961,False
transfer,0,962,False
transfer,0,963,False
transfer,0,964,False
transfer,0,965,False
transfer,0,966,False
transfer,0,967,False
transfer,0,968,False
transfer,0,969,False
transfer,0,970,False
transfer,0,971,False
transfer,0,972,False
transfer,0,973,False
transfer,0,974,False
transfer,0,975,False
transfer,0,976,False
transfer,0,977,False
transfer,0,978,False
transfer,0,979,False
transfer,0,980,False
transfer,0,981,False
transfer,0,982,False
transfer,0,983,False
transfer,0,984,False
transfer,0,985,False
transfer,0,986,False
transfer,0,987,False
transfer,0,988,False
transfer,0,989,False
transfer,0,990,False
transfer,0,991,False
transfer,0,992,False
transfer,0,993,False
transfer,0,994,False
transfer,0,995,False
transfer,0,996,False
transfer,0,997,False
transfer,0,998,False
transfer,0,999,False
transfer,0,1000,False
transfer,0,1001,False
transfer,0,1002,False
transfer,0,1003,False
transfer,0,1004,False
transfer,0,1005,False
transfer,0,1006,False
transfer,0,1007,False
transfer,0,1008,False
transfer,0,1009,False
transfer,0,1010,False
transfer,0,1011,False
transfer,0,1012,False
transfer,0,1013,False
transfer,0,1014,False
transfer,0,1015,False
transfer,0,1016,False
transfer,0,1017,False
transfer,0,1018,False
transfer,0,1019,False
transfer,0,1020,False
transfer,0,1021,False
transfer,0,1022,False
transfer,0,1023,False
transfer,0,1024,False
transfer,0,1025,False
transfer,0,1026,False
transfer,0,1027,False
transfer,0,1028,False
transfer,0,1029,False
transfer,0,1030,False
transfer,0,1031,False
transfer,0,1032,False
transfer,0,1033,False
transfer,0,1034,False
transfer,0,1035,False
transfer,0,1036,False
transfer,0,1037,False
transfer,0,1038,False
transfer,0,1039,False
transfer,0,1040,False
transfer,0,1041,False
transfer,0,1042,False
transfer,0,1043,False
transfer,0,1044,False
transfer,0,1045,False
transfer,0,1046,False
transfer,0,1047,False
transfer,0,1048,False
transfer,0,1049,False
transfer,0,1050,False
transfer,0,1051,False
transfer,0,1052,False
transfer,0,1053,False
transfer,0,1054,False
transfer,0,1055,False
transfer,0,1056,False
transfer,0,1057,False
transfer,0,1058,False
transfer,0,1059,False
transfer,0,1060,False
transfer,0,1061,False
transfer,0,1062,False
transfer,0,1063,False
transfer,0,1064,False
transfer,0,1065,False
transfer,0,1066,False
transfer,0,1067,False
transfer,0,1068,False
transfer,0,1069,False
transfer,0,1070,False
transfer,0,1071,False
transfer,0,1072,False
transfer,0,1073,False
transfer,0,1074,False
transfer,0,1075,False
transfer,0,1076,False
transfer,0,1077,False
transfer,0,1078,False
transfer,0,1079,False
transfer,0,1080,False
transfer,0,1081,False
transfer,0,1082,False
transfer,0,1083,False
transfer,0,1084,False
transfer,0,1085,False
transfer,0,1086,False
transfer,0,1087,False
transfer,0,1088,False
transfer,0,1089,False
transfer,0,1090,False
transfer,0,1091,False
transfer,0,1092,False
transfer,0,1093,False
transfer,0,1094,False
transfer,0,1095,False
transfer,0,1096,False
transfer,0,1097,False
transfer,0,1098,False
transfer,0,1099,False
transfer,0,1100,False
transfer,0,1101,False
transfer,0,1102,False
transfer,0,1103,False
transfer,0,1104,False
transfer,0,1105,False
transfer,0,1106,False
transfer,0,1107,False
transfer,0,1108,False
transfer,0,1109,False
transfer,0,1110,False
transfer,0,1111,False
transfer,0,1112,False
transfer,0,1113,False
transfer,0,1114,False
transfer,0,1115,False
transfer,0,1116,False
transfer,0,1117,False
transfer,0,1118,False
transfer,0,1119,False
transfer,0,1120,False
transfer,0,1121,False
transfer,0,1122,False
transfer,0,1123,False
transfer,0,1124,False
transfer,0,1125,False
transfer,0,1126,False
transfer,0,1127,False
transfer,0,1128,False
transfer,0,1129,False
transfer,0,1130,False
transfer,0,1131,False
transfer,0,1132,False
transfer,0,1133,False
transfer,0,1134,False
transfer,0,1135,False
transfer,0,1136,False
transfer,0,1137,False
transfer,0,1138,False
transfer,0,1139,False
transfer,0,1140,False
transfer,0,1141,False
transfer,0,1142,False
transfer,0,1143,False
transfer,0,1144,False
transfer,0,1145,False
transfer,0,1146,False
transfer,0,1147,False
transfer,0,1148,False
transfer,0,1149,False
transfer,0,1150,False
transfer,0,1151,False
transfer,0,1152,False
transfer,0,1153,False
transfer,0,1154,False
transfer,0,1155,False
transfer,0,1156,False
transfer,0,1157,False
transfer,0,1158,False
transfer,0,1159,False
transfer,0,1160,False
transfer,0,1161,False
transfer,0,1162,False
transfer,0,1163,False
transfer,0,1164,False
transfer,0,1165,False
transfer,0,1166,False
transfer,0,1167,False
transfer,0,1168,False
transfer,0,1169,False
transfer,0,1170,False
transfer,0,1171,False
transfer,0,1172,False
transfer,0,1173,False
transfer,0,1174,False
transfer,0,1175,False
transfer,0,1176,False
transfer,0,1177,False
transfer,0,1178,False
transfer,0,1179,False
transfer,0,1180,False
transfer,0,1181,False
transfer,0,1182,False
transfer,0,1183,False
transfer,0,1184,False
transfer,0,1185,False
transfer,0,1186,False
transfer,0,1187,False
transfer,0,1188,False
transfer,0,1189,False
transfer,0,1190,False
transfer,0,1191,False
transfer,0,1192,False
transfer,0,1193,False
transfer,0,1194,False
transfer,0,1195,False
transfer,0,1196,False
transfer,0,1197,False
transfer,0,1198,False
transfer,0,1199,False
transfer,0,1200,False
transfer,0,1201,False
transfer,0,1202,False
transfer,0,1203,False
transfer,0,1204,False
transfer,0,1205,False
transfer,0,1206,False
transfer,0,1207,False
transfer,0,1208,False
transfer,0,1209,False
transfer,0,1210,False
transfer,0,1211,False
transfer,0,1212,False
transfer,0,1213,False
transfer,0,1214,False
transfer,0,1215,False
transfer,0,1216,False
transfer,0,1217,False
transfer,0,1218,False
transfer,0,1219,False
transfer,0,1220,False
transfer,0,1221,False
transfer,0,1222,False
transfer,0,1223,False
transfer,0,1224,False
transfer,0,1225,False
transfer,0,1226,False
transfer,0,1227,False
transfer,0,1228,False
transfer,0,1229,False
transfer,0,1230,False
transfer,0,1231,False
transfer,0,1232,False
transfer,0,1233,False
transfer,0,1234,False
transfer,0,1235,False
transfer,0,1236,False
transfer,0,1237,False
transfer,0,1238,False
transfer,0,1239,False
transfer,0,1240,False
transfer,0,1241,False
transfer,0,1242,False
transfer,0,1243,False
transfer,0,1244,False
transfer,0,1245,False
transfer,0,1246,False
transfer,0,1247,False
transfer,0,1248,False
transfer,0,1249,False
transfer,0,1250,False
transfer,0,1251,False
transfer,0,1252,False
transfer,0,1253,False
transfer,0,1254,False
transfer,0,1255,False
transfer,0,1256,False
transfer,0,1257,False
transfer,0,1258,False
transfer,0,1259,False
transfer,0,1260,False
transfer,0,1261,False
transfer,0,1262,False
transfer,0,1263,False
transfer,0,1264,False
transfer,0,1265,False
transfer,0,1266,False
transfer,0,1267,False
transfer,0,1268,False
transfer,0,1269,False
transfer,0,1270,False
transfer,0,1271,False
transfer,0,1272,False
transfer,0,1273,False
transfer,0,1274,False
transfer,0,1275,False
transfer,0,1276,False
transfer,0,1277,False
transfer,0,1278,False
transfer,0,1279,False
transfer,0,1280,False
transfer,0,1281,False
transfer,0,1282,False
transfer,0,1283,False
transfer,0,1284,False
transfer,0,1285,False
transfer,0,1286,False
transfer,0,1287,False
transfer,0,1288,False
transfer,0,1289,False
transfer,0,1290,False
transfer,0,1291,False
transfer,0,1292,False
transfer,0,1293,False
transfer,0,1294,False
transfer,0,1295,False
transfer,0,1296,False
transfer,0,1297,False
transfer,0,1298,False
transfer,0,1299,False
transfer,0,1300,False
transfer,0,1301,False
transfer,0,1302,False
transfer,0,1303,False
transfer,0,1304,False
transfer,0,1305,False
transfer,0,1306,False
transfer,0,1307,False
transfer,0,1308,False
transfer,0,1309,False
transfer,0,1310,False
transfer,0,1311,False
transfer,0,1312,False
transfer,0,1313,False
transfer,0,1314,False
transfer,0,1315,False
transfer,0,1316,False
transfer,0,1317,False
transfer,0,1318,False
transfer,0,1319,False
transfer,0,1320,False
transfer,0,1321,False
transfer,0,1322,False
transfer,0,1323,False
transfer,0,1324,False
transfer,0,1325,False
transfer,0,1326,False
transfer,0,1327,False
transfer,0,1328,False
transfer,0,1329,False
transfer,0,1330,False
transfer,0,1331,False
transfer,0,1332,False
transfer,0,1333,False
transfer,0,1334,False
transfer,0,1335,False
transfer,0,1336,False
transfer,0,1337,False
transfer,0,1338,False
transfer,0,1339,False
transfer,0,1340,False
transfer,0,1341,False
transfer,0,1342,False
transfer,0,1343,False
transfer,0,1344,False
transfer,0,1345,False
transfer,0,1346,False
transfer,0,1347,False
transfer,0,1348,False
transfer,0,1349,False
transfer,0,1350,False
transfer,0,1351,False
transfer,0,1352,False
transfer,0,1353,False
transfer,0,1354,False
transfer,0,1355,False
transfer,0,1356,False
transfer,0,1357,False
transfer,0,1358,False
transfer,0,1359,False
transfer,0,1360,False
transfer,0,1361,False
transfer,0,1362,False
transfer,0,1363,False
transfer,0,1364,False
transfer,0,1365,False
transfer,0,1366,False
transfer,0,1367,False
transfer,0,1368,False
transfer,0,1369,False
transfer,0,1370,False
transfer,0,1371,False
transfer,0,1372,False
transfer,0,1373,False
transfer,0,1374,False
transfer,0,1375,False
transfer,0,1376,False
transfer,0,1377,False
transfer,0,1378,False
transfer,0,1379,False
transfer,0,1380,False
transfer,0,1381,False
transfer,0,1382,False
transfer,0,1383,False
transfer,0,1384,False
transfer,0,1385,False
transfer,0,1386,False
transfer,0,1387,False
transfer,0,1388,False
transfer,0,1389,False
transfer,0,1390,False
transfer,0,1391,False
transfer,0,1392,False
transfer,0,1393,False
transfer,0,1394,False
transfer,0,1395,False
transfer,0,1396,False
transfer,0,1397,False
transfer,0,1398,False
transfer,0,1399,False
transfer,0,1400,False
transfer,0,1401,False
transfer,0,1402,False
transfer,0,1403,False
transfer,0,1404,False
transfer,0,1405,False
transfer,0,1406,False
transfer,0,1407,False
transfer,0,1408,False
transfer,0,1409,False
transfer,0,1410,False
transfer,0,1411,False
transfer,0,1412,False
transfer,0,1413,False
transfer,0,1414,False
transfer,0,1415,False
transfer,0,1416,False
transfer,0,1417,False
transfer,0,1418,False
transfer,0,1419,False
transfer,0,1420,False
transfer,0,1421,False
transfer,0,1422,False
transfer,0,1423,False
transfer,0,1424,False
transfer,0,1425,False
transfer,0,1426,False
transfer,0,1427,False
transfer,0,1428,False
transfer,0,1429,False
transfer,0,1430,False
transfer,0,1431,False
transfer,0,1432,False
transfer,0,1433,False
transfer,0,1434,False
transfer,0,1435,False
transfer,0,1436,False
transfer,0,1437,False
transfer,0,1438,False
transfer,0,1439,False
transfer,0,1440,False
transfer,0,1441,False
transfer,0,1442,False
transfer,0,1443,False
transfer,0,1444,False
transfer,0,1445,False
transfer,0,1446,False
transfer,0,1447,False
transfer,0,1448,False
transfer,0,1449,False
transfer,0,1450,False
transfer,0,1451,False
transfer,0,1452,False
transfer,0,1453,False
transfer,0,1454,False
transfer,0,1455,False
transfer,0,1456,False
transfer,0,1457,False
transfer,0,1458,False
transfer,0,1459,False
transfer,0,1460,False
transfer,0,1461,False
transfer,0,1462,False
transfer,0,1463,False
transfer,0,1464,False
transfer,0,1465,False
transfer,0,1466,False
transfer,0,1467,False
transfer,0,1468,False
transfer,0,1469,False
transfer,0,1470,False
transfer,0,1471,False
transfer,0,1472,False
transfer,0,1473,False
transfer,0,1474,False
transfer,0,1475,False
transfer,0,1476,False
transfer,0,1477,False
transfer,0,1478,False
transfer,0,1479,False
transfer,0,1480,False
transfer,0,1481,False
transfer,0,1482,False
transfer,0,1483,False
transfer,0,1484,False
transfer,0,1485,False
transfer,0,1486,False
transfer,0,1487,False
transfer,0,1488,False
transfer,0,1489,False
transfer,0,1490,False
transfer,0,1491,False
transfer,0,1492,False
transfer,0,1493,False
transfer,0,1494,False
transfer,0,1495,False
transfer,0,1496,False
transfer,0,1497,False
transfer,0,1498,False
transfer,0,1499,False
transfer,1,0,False
transfer,1,1,False
transfer,1,2,False
transfer,1,3,False
transfer,1,4,False
transfer,1,5,False
transfer,1,6,False
transfer,1,7,False
transfer,1,8,False
transfer,1,9,False
transfer,1,10,False
transfer,1,11,False
transfer,1,12,False
transfer,1,13,False
transfer,1,14,False
transfer,1,15,False
transfer,1,16,False
transfer,1,17,False
transfer,1,18,False
transfer,1,19,False
transfer,1,20,False
transfer,1,21,False
transfer,1,22,False
transfer,1,23,False
transfer,1,24,False
transfer,1,25,False
transfer,1,26,False
transfer,1,27,False
transfer,1,28,False
transfer,1,29,False
transfer,1,30,False
transfer,1,31,False
transfer,1,32,False
transfer,1,33,False
transfer,1,34,False
transfer,1,35,False
transfer,1,36,False
transfer,1,37,False
transfer,1,38,False
transfer,1,39,False
transfer,1,40,False
transfer,1,41,False
transfer,1,42,False
transfer,1,43,False
transfer,1,44,False
transfer,1,45,False
transfer,1,46,False
transfer,1,47,False
transfer,1,48,False
transfer,1,49,False
transfer,1,50,False
transfer,1,51,False
transfer,1,52,False
transfer,1,53,False
transfer,1,54,False
transfer,1,55,False
transfer,1,56,False
transfer,1,57,False
transfer,1,58,False
transfer,1,59,False
transfer,1,60,False
transfer,1,61,False
transfer,1,62,False
transfer,1,63,False
transfer,1,64,False
transfer,1,65,False
transfer,1,66,False
transfer,1,67,False
transfer,1,68,False
transfer,1,69,False
transfer,1,70,False
transfer,1,71,False
transfer,1,72,False
transfer,1,73,False
transfer,1,74,False
transfer,1,75,False
transfer,1,76,False
transfer,1,77,False
transfer,1,78,False
transfer,1,79,False
transfer,1,80,False
transfer,1,81,False
transfer,1,82,False
transfer,1,83,False
transfer,1,84,False
transfer,1,85,False
transfer,1,86,False
transfer,1,87,False
transfer,1,88,False
transfer,1,89,False
transfer,1,90,False
transfer,1,91,False
transfer,1,92,False
transfer,1,93,False
transfer,1,94,False
transfer,1,95,False
transfer,1,96,False
transfer,1,97,False
transfer,1,98,False
transfer,1,99,False
transfer,1,100,False
transfer,1,101,False
transfer,1,102,False
transfer,1,103,False
transfer,1,104,False
transfer,1,105,False
transfer,1,106,False
transfer,1,107,False
transfer,1,108,False
transfer,1,109,False
transfer,1,110,False
transfer,1,111,False
transfer,1,112,False
transfer,1,113,False
transfer,1,114,False
transfer,1,115,False
transfer,1,116,False
transfer,1,117,False
transfer,1,118,False
transfer,1,119,False
transfer,1,120,False
transfer,1,121,False
transfer,1,122,False
transfer,1,123,False
transfer,1,124,False
transfer,1,125,False
transfer,1,126,False
transfer,1,127,False
transfer,1,128,False
transfer,1,129,False
transfer,1,130,False
transfer,1,131,False
transfer,1,132,False
transfer,1,133,False
transfer,1,134,False
transfer,1,135,False
transfer,1,136,False
transfer,1,137,False
transfer,1,138,False
transfer,1,139,False
transfer,1,140,False
transfer,1,141,False
transfer,1,142,False
transfer,1,143,False
transfer,1,144,False
transfer,1,145,False
transfer,1,146,False
transfer,1,147,False
transfer,1,148,False
transfer,1,149,False
transfer,1,150,False
transfer,1,151,False
transfer,1,152,False
transfer,1,153,False
transfer,1,154,False
transfer,1,155,False
transfer,1,156,False
transfer,1,157,False
transfer,1,158,False
transfer,1,159,False
transfer,1,160,False
transfer,1,161,False
transfer,1,162,False
transfer,1,163,False
transfer,1,164,False
transfer,1,165,False
transfer,1,166,False
transfer,1,167,False
transfer,1,168,False
transfer,1,169,False
transfer,1,170,False
transfer,1,171,False
transfer,1,172,False
transfer,1,173,False
transfer,1,174,False
transfer,1,175,False
transfer,1,176,False
transfer,1,177,False
transfer,1,178,False
transfer,1,179,False
transfer,1,180,False
transfer,1,181,False
transfer,1,182,False
transfer,1,183,False
transfer,1,184,False
transfer,1,185,False
transfer,1,186,False
transfer,1,187,False
transfer,1,188,False
transfer,1,189,False
transfer,1,190,False
transfer,1,191,False
transfer,1,192,False
transfer,1,193,False
transfer,1,194,False
transfer,1,195,False
transfer,1,196,False
transfer,1,197,False
transfer,1,198,False
transfer,1,199,False
transfer,1,200,False
transfer,1,201,False
transfer,1,202,False
transfer,1,203,False
transfer,1,204,False
transfer,1,205,False
transfer,1,206,False
transfer,1,207,False
transfer,1,208,False
transfer,1,209,False
transfer,1,210,False
transfer,1,211,False
transfer,1,212,False
transfer,1,213,False
transfer,1,214,False
transfer,1,215,False
transfer,1,216,False
transfer,1,217,False
transfer,1,218,False
transfer,1,219,False
transfer,1,220,False
transfer,1,221,False
transfer,1,222,False
transfer,1,223,False
transfer,1,224,False
transfer,1,225,False
transfer,1,226,False
transfer,1,227,False
transfer,1,228,False
transfer,1,229,False
transfer,1,230,False
transfer,1,231,False
transfer,1,232,False
transfer,1,233,False
transfer,1,234,False
transfer,1,235,False
transfer,1,236,False
transfer,1,237,False
transfer,1,238,False
transfer,1,239,False
transfer,1,240,False
transfer,1,241,False
transfer,1,242,False
transfer,1,243,False
transfer,1,244,False
transfer,1,245,False
transfer,1,246,False
transfer,1,247,False
transfer,1,248,False
transfer,1,249,False
transfer,1,250,False
transfer,1,251,False
transfer,1,252,False
transfer,1,253,False
transfer,1,254,False
transfer,1,255,False
transfer,1,256,False
transfer,1,257,False
transfer,1,258,False
transfer,1,259,False
transfer,1,260,False
transfer,1,261,False
transfer,1,262,False
transfer,1,263,False
transfer,1,264,False
transfer,1,265,False
transfer,1,266,False
transfer,1,267,False
transfer,1,268,False
transfer,1,269,False
transfer,1,270,False
transfer,1,271,False
transfer,1,272,False
transfer,1,273,False
transfer,1,274,False
transfer,1,275,False
transfer,1,276,False
transfer,1,277,False
transfer,1,278,False
transfer,1,279,False
transfer,1,280,False
transfer,1,281,False
transfer,1,282,False
transfer,1,283,False
transfer,1,284,False
transfer,1,285,False
transfer,1,286,False
transfer,1,287,False
transfer,1,288,False
transfer,1,289,False
transfer,1,290,False
transfer,1,291,False
transfer,1,292,False
transfer,1,293,False
transfer,1,294,False
transfer,1,295,False
transfer,1,296,False
transfer,1,297,False
transfer,1,298,False
transfer,1,299,False
transfer,1,300,False
transfer,1,301,False
transfer,1,302,False
transfer,1,303,False
transfer,1,304,False
transfer,1,305,False
transfer,1,306,False
transfer,1,307,False
transfer,1,308,False
transfer,1,309,False
transfer,1,310,False
transfer,1,311,False
transfer,1,312,False
transfer,1,313,False
transfer,1,314,False
transfer,1,315,False
transfer,1,316,False
transfer,1,317,False
transfer,1,318,False
transfer,1,319,False
transfer,1,320,False
transfer,1,321,False
transfer,1,322,False
transfer,1,323,False
transfer,1,324,False
transfer,1,325,False
transfer,1,326,False
transfer,1,327,False
transfer,1,328,False
transfer,1,329,False
transfer,1,330,False
transfer,1,331,False
transfer,1,332,False
transfer,1,333,False
transfer,1,334,False
transfer,1,335,False
transfer,1,336,False
transfer,1,337,False
transfer,1,338,False
transfer,1,339,False
transfer,1,340,False
transfer,1,341,False
transfer,1,342,False
transfer,1,343,False
transfer,1,344,False
transfer,1,345,False
transfer,1,346,False
transfer,1,347,False
transfer,1,348,False
transfer,1,349,False
transfer,1,350,False
transfer,1,351,False
transfer,1,352,False
transfer,1,353,False
transfer,1,354,False
transfer,1,355,False
transfer,1,356,False
transfer,1,357,False
transfer,1,358,False
transfer,1,359,False
transfer,1,360,False
transfer,1,361,False
transfer,1,362,False
transfer,1,363,False
transfer,1,364,False
transfer,1,365,False
transfer,1,366,False
transfer,1,367,False
transfer,1,368,False
transfer,1,369,False
transfer,1,370,False
transfer,1,371,False
transfer,1,372,False
transfer,1,373,False
transfer,1,374,False
transfer,1,375,False
transfer,1,376,False
transfer,1,377,False
transfer,1,378,False
transfer,1,379,False
transfer,1,380,False
transfer,1,381,False
transfer,1,382,False
transfer,1,383,False
transfer,1,384,False
transfer,1,385,False
transfer,1,386,False
transfer,1,387,False
transfer,1,388,False
transfer,1,389,False
transfer,1,390,False
transfer,1,391,False
transfer,1,392,False
transfer,1,393,False
transfer,1,394,False
transfer,1,395,False
transfer,1,396,False
transfer,1,397,False
transfer,1,398,False
transfer,1,399,False
transfer,1,400,False
transfer,1,401,False
transfer,1,402,False
transfer,1,403,False
transfer,1,404,False
transfer,1,405,False
transfer,1,406,False
transfer,1,407,False
transfer,1,408,False
transfer,1,409,False
transfer,1,410,False
transfer,1,411,False
transfer,1,412,False
transfer,1,413,False
transfer,1,414,False
transfer,1,415,False
transfer,1,416,False
transfer,1,417,False
transfer,1,418,False
transfer,1,419,False
transfer,1,420,False
transfer,1,421,False
transfer,1,422,False
transfer,1,423,False
transfer,1,424,False
transfer,1,425,False
transfer,1,426,False
transfer,1,427,False
transfer,1,428,False
transfer,1,429,False
transfer,1,430,False
transfer,1,431,False
transfer,1,432,False
transfer,1,433,False
transfer,1,434,False
transfer,1,435,False
transfer,1,436,False
transfer,1,437,False
transfer,1,438,False
transfer,1,439,False
transfer,1,440,False
transfer,1,441,False
transfer,1,442,False
transfer,1,443,False
transfer,1,444,False
transfer,1,445,False
transfer,1,446,False
transfer,1,447,False
transfer,1,448,False
transfer,1,449,False
transfer,1,450,False
transfer,1,451,False
transfer,1,452,False
transfer,1,453,False
transfer,1,454,False
transfer,1,455,False
transfer,1,456,False
transfer,1,457,False
transfer,1,458,False
transfer,1,459,False
transfer,1,460,False
transfer,1,461,False
transfer,1,462,False
transfer,1,463,False
transfer,1,464,False
transfer,1,465,False
transfer,1,466,False
transfer,1,467,False
transfer,1,468,False
transfer,1,469,False
transfer,1,470,False
transfer,1,471,False
transfer,1,472,False
transfer,1,473,False
transfer,1,474,False
transfer,1,475,False
transfer,1,476,False
transfer,1,477,False
transfer,1,478,False
transfer,1,479,False
transfer,1,480,False
transfer,1,481,False
transfer,1,482,False
transfer,1,483,False
transfer,1,484,False
transfer,1,485,False
transfer,1,486,False
transfer,1,487,False
transfer,1,488,False
transfer,1,489,False
transfer,1,490,False
transfer,1,491,False
transfer,1,492,False
transfer,1,493,False
transfer,1,494,False
transfer,1,495,False
transfer,1,496,False
transfer,1,497,False
transfer,1,498,False
transfer,1,499,False
transfer,1,500,False
transfer,1,501,False
transfer,1,502,False
transfer,1,503,False
transfer,1,504,False
transfer,1,505,False
transfer,1,506,False
transfer,1,507,False
transfer,1,508,False
transfer,1,509,False
transfer,1,510,False
transfer,1,511,False
transfer,1,512,False
transfer,1,513,False
transfer,1,514,False
transfer,1,515,False
transfer,1,516,False
transfer,1,517,False
transfer,1,518,False
transfer,1,519,False
transfer,1,520,False
transfer,1,521,False
transfer,1,522,False
transfer,1,523,False
transfer,1,524,False
transfer,1,525,False
transfer,1,526,False
transfer,1,527,False
transfer,1,528,False
transfer,1,529,False
transfer,1,530,False
transfer,1,531,False
transfer,1,532,False
transfer,1,533,False
transfer,1,534,False
transfer,1,535,False
transfer,1,536,False
transfer,1,537,False
transfer,1,538,False
transfer,1,539,False
transfer,1,540,False
transfer,1,541,False
transfer,1,542,False
transfer,1,543,False
transfer,1,544,False
transfer,1,545,False
transfer,1,546,False
transfer,1,547,False
transfer,1,548,False
transfer,1,549,False
transfer,1,550,False
transfer,1,551,False
transfer,1,552,False
transfer,1,553,False
transfer,1,554,False
transfer,1,555,False
transfer,1,556,False
transfer,1,557,False
transfer,1,558,False
transfer,1,559,False
transfer,1,560,False
transfer,1,561,False
transfer,1,562,False
transfer,1,563,False
transfer,1,564,False
transfer,1,565,False
transfer,1,566,False
transfer,1,567,False
transfer,1,568,False
transfer,1,569,False
transfer,1,570,False
transfer,1,571,False
transfer,1,572,False
transfer,1,573,False
transfer,1,574,False
transfer,1,575,False
transfer,1,576,False
transfer,1,577,False
transfer,1,578,False
transfer,1,579,False
transfer,1,580,False
transfer,1,581,False
transfer,1,582,False
transfer,1,583,False
transfer,1,584,False
transfer,1,585,False
transfer,1,586,False
transfer,1,587,False
transfer,1,588,False
transfer,1,589,False
transfer,1,590,False
transfer,1,591,False
transfer,1,592,False
transfer,1,593,False
transfer,1,594,False
transfer,1,595,False
transfer,1,596,False
transfer,1,597,False
transfer,1,598,False
transfer,1,599,False
transfer,1,600,False
transfer,1,601,False
transfer,1,602,False
transfer,1,603,False
transfer,1,604,False
transfer,1,605,False
transfer,1,606,False
transfer,1,607,False
transfer,1,608,False
transfer,1,609,False
transfer,1,610,False
transfer,1,611,False
transfer,1,612,False
transfer,1,613,False
transfer,1,614,False
transfer,1,615,False
transfer,1,616,False
transfer,1,617,False
transfer,1,618,False
transfer,1,619,False
transfer,1,620,False
transfer,1,621,False
transfer,1,622,False
transfer,1,623,False
transfer,1,624,False
transfer,1,625,False
transfer,1,626,False
transfer,1,627,False
transfer,1,628,False
transfer,1,629,False
transfer,1,630,False
transfer,1,631,False
transfer,1,632,False
transfer,1,633,False
transfer,1,634,False
transfer,1,635,False
transfer,1,636,False
transfer,1,637,False
transfer,1,638,False
transfer,1,639,False
transfer,1,640,False
transfer,1,641,False
transfer,1,642,False
transfer,1,643,False
transfer,1,644,False
transfer,1,645,False
transfer,1,646,False
transfer,1,647,False
transfer,1,648,False
transfer,1,649,False
transfer,1,650,False
transfer,1,651,False
transfer,1,652,False
transfer,1,653,False
transfer,1,654,False
transfer,1,655,False
transfer,1,656,False
transfer,1,657,False
transfer,1,658,False
transfer,1,659,False
transfer,1,660,False
transfer,1,661,False
transfer,1,662,False
transfer,1,663,False
transfer,1,664,False
transfer,1,665,False
transfer,1,666,False
transfer,1,667,False
transfer,1,668,False
transfer,1,669,False
transfer,1,670,False
transfer,1,671,False
transfer,1,672,False
transfer,1,673,False
transfer,1,674,False
transfer,1,675,False
transfer,1,676,False
transfer,1,677,False
transfer,1,678,False
transfer,1,679,False
transfer,1,680,False
transfer,1,681,False
transfer,1,682,False
transfer,1,683,False
transfer,1,684,False
transfer,1,685,False
transfer,1,686,False
transfer,1,687,False
transfer,1,688,False
transfer,1,689,False
transfer,1,690,False
transfer,1,691,False
transfer,1,692,False
transfer,1,693,False
transfer,1,694,False
transfer,1,695,False
transfer,1,696,False
transfer,1,697,False
transfer,1,698,False
transfer,1,699,False
transfer,1,700,False
transfer,1,701,False
transfer,1,702,False
transfer,1,703,False
transfer,1,704,False
transfer,1,705,False
transfer,1,706,False
transfer,1,707,False
transfer,1,708,False
transfer,1,709,False
transfer,1,710,False
transfer,1,711,False
transfer,1,712,False
transfer,1,713,False
transfer,1,714,False
transfer,1,715,False
transfer,1,716,False
transfer,1,717,False
transfer,1,718,False
transfer,1,719,False
transfer,1,720,False
transfer,1,721,False
transfer,1,722,False
transfer,1,723,False
transfer,1,724,False
transfer,1,725,False
transfer,1,726,False
transfer,1,727,False
transfer,1,728,False
transfer,1,729,False
transfer,1,730,False
transfer,1,731,False
transfer,1,732,False
transfer,1,733,False
transfer,1,734,False
transfer,1,735,False
transfer,1,736,False
transfer,1,737,False
transfer,1,738,False
transfer,1,739,False
transfer,1,740,False
transfer,1,741,False
transfer,1,742,False
transfer,1,743,False
transfer,1,744,False
transfer,1,745,False
transfer,1,746,False
transfer,1,747,False
transfer,1,748,False
transfer,1,749,False
transfer,1,750,False
transfer,1,751,False
transfer,1,752,False
transfer,1,753,False
transfer,1,754,False
transfer,1,755,False
transfer,1,756,False
transfer,1,757,False
transfer,1,758,False
transfer,1,759,False
transfer,1,760,False
transfer,1,761,False
transfer,1,762,False
transfer,1,763,False
transfer,1,764,False
transfer,1,765,False
transfer,1,766,False
transfer,1,767,False
transfer,1,768,False
transfer,1,769,False
transfer,1,770,False
transfer,1,771,False
transfer,1,772,False
transfer,1,773,False
transfer,1,774,False
transfer,1,775,False
transfer,1,776,False
transfer,1,777,False
transfer,1,778,False
transfer,1,779,False
transfer,1,780,False
transfer,1,781,False
transfer,1,782,False
transfer,1,783,False
transfer,1,784,False
transfer,1,785,False
transfer,1,786,False
transfer,1,787,False
transfer,1,788,False
transfer,1,789,False
transfer,1,790,False
transfer,1,791,False
transfer,1,792,False
transfer,1,793,False
transfer,1,794,False
transfer,1,795,False
transfer,1,796,False
transfer,1,797,False
transfer,1,798,False
transfer,1,799,False
transfer,1,800,False
transfer,1,801,False
transfer,1,802,False
transfer,1,803,False
transfer,1,804,False
transfer,1,805,False
transfer,1,806,False
transfer,1,807,False
transfer,1,808,False
transfer,1,809,False
transfer,1,810,False
transfer,1,811,False
transfer,1,812,False
transfer,1,813,False
transfer,1,814,False
transfer,1,815,False
transfer,1,816,False
transfer,1,817,False
transfer,1,818,False
transfer,1,819,False
transfer,1,820,False
transfer,1,821,False
transfer,1,822,False
transfer,1,823,False
transfer,1,824,False
transfer,1,825,False
transfer,1,826,False
transfer,1,827,False
transfer,1,828,False
transfer,1,829,False
transfer,1,830,False
transfer,1,831,False
transfer,1,832,False
transfer,1,833,False
transfer,1,834,False
transfer,1,835,False
transfer,1,836,False
transfer,1,837,False
transfer,1,838,False
transfer,1,839,False
transfer,1,840,False
transfer,1,841,False
transfer,1,842,False
transfer,1,843,False
transfer,1,844,False
transfer,1,845,False
transfer,1,846,False
transfer,1,847,False
transfer,1,848,False
transfer,1,849,False
transfer,1,850,False
transfer,1,851,False
transfer,1,852,False
transfer,1,853,False
transfer,1,854,False
transfer,1,855,False
transfer,1,856,False
transfer,1,857,False
transfer,1,858,False
transfer,1,859,False
transfer,1,860,False
transfer,1,861,False
transfer,1,862,False
transfer,1,863,False
transfer,1,864,False
transfer,1,865,False
transfer,1,866,False
transfer,1,867,False
transfer,1,868,False
transfer,1,869,False
transfer,1,870,False
transfer,1,871,False
transfer,1,872,False
transfer,1,873,False
transfer,1,874,False
transfer,1,875,False
transfer,1,876,False
transfer,1,877,False
transfer,1,878,False
transfer,1,879,False
transfer,1,880,False
transfer,1,881,False
transfer,1,882,False
transfer,1,883,False
transfer,1,884,False
transfer,1,885,False
transfer,1,886,False
transfer,1,887,False
transfer,1,888,False
transfer,1,889,False
transfer,1,890,False
transfer,1,891,False
transfer,1,892,False
transfer,1,893,False
transfer,1,894,False
transfer,1,895,False
transfer,1,896,False
transfer,1,897,False
transfer,1,898,False
transfer,1,899,False
transfer,1,900,False
transfer,1,901,False
transfer,1,902,False
transfer,1,903,False
transfer,1,904,False
transfer,1,905,False
transfer,1,906,False
transfer,1,907,False
transfer,1,908,False
transfer,1,909,False
transfer,1,910,False
transfer,1,911,False
transfer,1,912,False
transfer,1,913,False
transfer,1,914,False
transfer,1,915,False
transfer,1,916,False
transfer,1,917,False
transfer,1,918,False
transfer,1,919,False
transfer,1,920,False
transfer,1,921,False
transfer,1,922,False
transfer,1,923,False
transfer,1,924,False
transfer,1,925,False
transfer,1,926,False
transfer,1,927,False
transfer,1,928,False
transfer,1,929,False
transfer,1,930,False
transfer,1,931,False
transfer,1,932,False
transfer,1,933,False
transfer,1,934,False
transfer,1,935,False
transfer,1,936,False
transfer,1,937,False
transfer,1,938,False
transfer,1,939,False
transfer,1,940,False
transfer,1,941,False
transfer,1,942,False
transfer,1,943,False
transfer,1,944,False
transfer,1,945,False
transfer,1,946,False
transfer,1,947,False
transfer,1,948,False
transfer,1,949,False
transfer,1,950,False
transfer,1,951,False
transfer,1,952,False
transfer,1,953,False
transfer,1,954,False
transfer,1,955,False
transfer,1,956,False
transfer,1,957,False
transfer,1,958,False
transfer,1,959,False
transfer,1,960,False
transfer,1,961,False
transfer,1,962,False
transfer,1,963,False
transfer,1,964,False
transfer,1,965,False
transfer,1,966,False
transfer,1,967,False
transfer,1,968,False
transfer,1,969,False
transfer,1,970,False
transfer,1,971,False
transfer,1,972,False
transfer,1,973,False
transfer,1,974,False
transfer,1,975,False
transfer,1,976,False
transfer,1,977,False
transfer,1,978,False
transfer,1,979,False
transfer,1,980,False
transfer,1,981,False
transfer,1,982,False
transfer,1,983,False
transfer,1,984,False
transfer,1,985,False
transfer,1,986,False
transfer,1,987,False
transfer,1,988,False
transfer,1,989,False
transfer,1,990,False
transfer,1,991,False
transfer,1,992,False
transfer,1,993,False
transfer,1,994,False
transfer,1,995,False
transfer,1,996,False
transfer,1,997,False
transfer,1,998,False
transfer,1,999,False
transfer,1,1000,False
transfer,1,1001,False
transfer,1,1002,False
transfer,1,1003,False
transfer,1,1004,False
transfer,1,1005,False
transfer,1,1006,False
transfer,1,1007,False
transfer,1,1008,False
transfer,1,1009,False
transfer,1,1010,False
transfer,1,1011,False
transfer,1,1012,False
transfer,1,1013,False
transfer,1,1014,False
transfer,1,1015,False
transfer,1,1016,False
transfer,1,1017,False
transfer,1,1018,False
transfer,1,1019,False
transfer,1,1020,False
transfer,1,1021,False
transfer,1,1022,False
transfer,1,1023,False
transfer,1,1024,False
transfer,1,1025,False
transfer,1,1026,False
transfer,1,1027,False
transfer,1,1028,False
transfer,1,1029,False
transfer,1,1030,False
transfer,1,1031,False
transfer,1,1032,False
transfer,1,1033,False
transfer,1,1034,False
transfer,1,1035,False
transfer,1,1036,False
transfer,1,1037,False
transfer,1,1038,False
transfer,1,1039,False
transfer,1,1040,False
transfer,1,1041,False
transfer,1,1042,False
transfer,1,1043,False
transfer,1,1044,False
transfer,1,1045,False
transfer,1,1046,False
transfer,1,1047,False
transfer,1,1048,False
transfer,1,1049,False
transfer,1,1050,False
transfer,1,1051,False
transfer,1,1052,False
transfer,1,1053,False
transfer,1,1054,False
transfer,1,1055,False
transfer,1,1056,False
transfer,1,1057,False
transfer,1,1058,False
transfer,1,1059,False
transfer,1,1060,False
transfer,1,1061,False
transfer,1,1062,False
transfer,1,1063,False
transfer,1,1064,False
transfer,1,1065,False
transfer,1,1066,False
transfer,1,1067,False
transfer,1,1068,False
transfer,1,1069,False
transfer,1,1070,False
transfer,1,1071,False
transfer,1,1072,False
transfer,1,1073,False
transfer,1,1074,False
transfer,1,1075,False
transfer,1,1076,False
transfer,1,1077,False
transfer,1,1078,False
transfer,1,1079,False
transfer,1,1080,False
transfer,1,1081,False
transfer,1,1082,False
transfer,1,1083,False
transfer,1,1084,False
transfer,1,1085,False
transfer,1,1086,False
transfer,1,1087,False
transfer,1,1088,False
transfer,1,1089,False
transfer,1,1090,False
transfer,1,1091,False
transfer,1,1092,False
transfer,1,1093,False
transfer,1,1094,False
transfer,1,1095,False
transfer,1,1096,False
transfer,1,1097,False
transfer,1,1098,False
transfer,1,1099,False
transfer,1,1100,False
transfer,1,1101,False
transfer,1,1102,False
transfer,1,1103,False
transfer,1,1104,False
transfer,1,1105,False
transfer,1,1106,False
transfer,1,1107,False
transfer,1,1108,False
transfer,1,1109,False
transfer,1,1110,False
transfer,1,1111,False
transfer,1,1112,False
transfer,1,1113,False
transfer,1,1114,False
transfer,1,1115,False
transfer,1,1116,False
transfer,1,1117,False
transfer,1,1118,False
transfer,1,1119,False
transfer,1,1120,False
transfer,1,1121,False
transfer,1,1122,False
transfer,1,1123,False
transfer,1,1124,False
transfer,1,1125,False
transfer,1,1126,False
transfer,1,1127,False
transfer,1,1128,False
transfer,1,1129,False
transfer,1,1130,False
transfer,1,1131,False
transfer,1,1132,False
transfer,1,1133,False
transfer,1,1134,False
transfer,1,1135,False
transfer,1,1136,False
transfer,1,1137,False
transfer,1,1138,False
transfer,1,1139,False
transfer,1,1140,False
transfer,1,1141,False
transfer,1,1142,False
transfer,1,1143,False
transfer,1,1144,False
transfer,1,1145,False
transfer,1,1146,False
transfer,1,1147,False
transfer,1,1148,False
transfer,1,1149,False
transfer,1,1150,False
transfer,1,1151,False
transfer,1,1152,False
transfer,1,1153,False
transfer,1,1154,False
transfer,1,1155,False
transfer,1,1156,False
transfer,1,1157,False
transfer,1,1158,False
transfer,1,1159,False
transfer,1,1160,False
transfer,1,1161,False
transfer,1,1162,False
transfer,1,1163,False
transfer,1,1164,False
transfer,1,1165,False
transfer,1,1166,False
transfer,1,1167,False
transfer,1,1168,False
transfer,1,1169,False
transfer,1,1170,False
transfer,1,1171,False
transfer,1,1172,False
transfer,1,1173,False
transfer,1,1174,False
transfer,1,1175,False
transfer,1,1176,False
transfer,1,1177,False
transfer,1,1178,False
transfer,1,1179,False
transfer,1,1180,False
transfer,1,1181,False
transfer,1,1182,False
transfer,1,1183,False
transfer,1,1184,False
transfer,1,1185,False
transfer,1,1186,False
transfer,1,1187,False
transfer,1,1188,False
transfer,1,1189,False
transfer,1,1190,False
transfer,1,1191,False
transfer,1,1192,False
transfer,1,1193,False
transfer,1,1194,False
transfer,1,1195,False
transfer,1,1196,False
transfer,1,1197,False
transfer,1,1198,False
transfer,1,1199,False
transfer,1,1200,False
transfer,1,1201,False
transfer,1,1202,False
transfer,1,1203,False
transfer,1,1204,False
transfer,1,1205,False
transfer,1,1206,False
transfer,1,1207,False
transfer,1,1208,False
transfer,1,1209,False
transfer,1,1210,False
transfer,1,1211,False
transfer,1,1212,False
transfer,1,1213,False
transfer,1,1214,False
transfer,1,1215,False
transfer,1,1216,False
transfer,1,1217,False
transfer,1,1218,False
transfer,1,1219,False
transfer,1,1220,False
transfer,1,1221,False
transfer,1,1222,False
transfer,1,1223,False
transfer,1,1224,False
transfer,1,1225,False
transfer,1,1226,False
transfer,1,1227,False
transfer,1,1228,False
transfer,1,1229,False
transfer,1,1230,False
transfer,1,1231,False
transfer,1,1232,False
transfer,1,1233,False
transfer,1,1234,False
transfer,1,1235,False
transfer,1,1236,False
transfer,1,1237,False
transfer,1,1238,False
transfer,1,1239,False
transfer,1,1240,False
transfer,1,1241,False
transfer,1,1242,False
transfer,1,1243,False
transfer,1,1244,False
transfer,1,1245,False
transfer,1,1246,False
transfer,1,1247,False
transfer,1,1248,False
transfer,1,1249,False
transfer,1,1250,False
transfer,1,1251,False
transfer,1,1252,False
transfer,1,1253,False
transfer,1,1254,False
transfer,1,1255,False
transfer,1,1256,False
transfer,1,1257,False
transfer,1,1258,False
transfer,1,1259,False
transfer,1,1260,False
transfer,1,1261,False
transfer,1,1262,False
transfer,1,1263,False
transfer,1,1264,False
transfer,1,1265,False
transfer,1,1266,False
transfer,1,1267,False
transfer,1,1268,False
transfer,1,1269,False
transfer,1,1270,False
transfer,1,1271,False
transfer,1,1272,False
transfer,1,1273,False
transfer,1,1274,False
transfer,1,1275,False
transfer,1,1276,False
transfer,1,1277,False
transfer,1,1278,False
transfer,1,1279,False
transfer,1,1280,False
transfer,1,1281,False
transfer,1,1282,False
transfer,1,1283,False
transfer,1,1284,False
transfer,1,1285,False
transfer,1,1286,False
transfer,1,1287,False
transfer,1,1288,False
transfer,1,1289,False
transfer,1,1290,False
transfer,1,1291,False
transfer,1,1292,False
transfer,1,1293,False
transfer,1,1294,False
transfer,1,1295,False
transfer,1,1296,False
transfer,1,1297,False
transfer,1,1298,False
transfer,1,1299,False
transfer,1,1300,False
transfer,1,1301,False
transfer,1,1302,False
transfer,1,1303,False
transfer,1,1304,False
transfer,1,1305,False
transfer,1,1306,False
transfer,1,1307,False
transfer,1,1308,False
transfer,1,1309,False
transfer,1,1310,False
transfer,1,1311,False
transfer,1,1312,False
transfer,1,1313,False
transfer,1,1314,False
transfer,1,1315,False
transfer,1,1316,False
transfer,1,1317,False
transfer,1,1318,False
transfer,1,1319,False
transfer,1,1320,False
transfer,1,1321,False
transfer,1,1322,False
transfer,1,1323,False
transfer,1,1324,False
transfer,1,1325,False
transfer,1,1326,False
transfer,1,1327,False
transfer,1,1328,False
transfer,1,1329,False
transfer,1,1330,False
transfer,1,1331,False
transfer,1,1332,False
transfer,1,1333,False
transfer,1,1334,False
transfer,1,1335,False
transfer,1,1336,False
transfer,1,1337,False
transfer,1,1338,False
transfer,1,1339,False
transfer,1,1340,False
transfer,1,1341,False
transfer,1,1342,False
transfer,1,1343,False
transfer,1,1344,False
transfer,1,1345,False
transfer,1,1346,False
transfer,1,1347,False
transfer,1,1348,False
transfer,1,1349,False
transfer,1,1350,False
transfer,1,1351,False
transfer,1,1352,False
transfer,1,1353,False
transfer,1,1354,False
transfer,1,1355,False
transfer,1,1356,False
transfer,1,1357,False
transfer,1,1358,False
transfer,1,1359,False
transfer,1,1360,False
transfer,1,1361,False
transfer,1,1362,False
transfer,1,1363,False
transfer,1,1364,False
transfer,1,1365,False
transfer,1,1366,False
transfer,1,1367,False
transfer,1,1368,False
transfer,1,1369,False
transfer,1,1370,False
transfer,1,1371,False
transfer,1,1372,False
transfer,1,1373,False
transfer,1,1374,False
transfer,1,1375,False
transfer,1,1376,False
transfer,1,1377,False
transfer,1,1378,False
transfer,1,1379,False
transfer,1,1380,False
transfer,1,1381,False
transfer,1,1382,False
transfer,1,1383,False
transfer,1,1384,False
transfer,1,1385,False
transfer,1,1386,False
transfer,1,1387,False
transfer,1,1388,False
transfer,1,1389,False
transfer,1,1390,False
transfer,1,1391,False
transfer,1,1392,False
transfer,1,1393,False
transfer,1,1394,False
transfer,1,1395,False
transfer,1,1396,False
transfer,1,1397,False
transfer,1,1398,False
transfer,1,1399,False
transfer,1,1400,False
transfer,1,1401,False
transfer,1,1402,False
transfer,1,1403,False
transfer,1,1404,False
transfer,1,1405,False
transfer,1,1406,False
transfer,1,1407,False
transfer,1,1408,False
transfer,1,1409,False
transfer,1,1410,False
transfer,1,1411,False
transfer,1,1412,False
transfer,1,1413,False
transfer,1,1414,False
transfer,1,1415,False
transfer,1,1416,False
transfer,1,1417,False
transfer,1,1418,False
transfer,1,1419,False
transfer,1,1420,False
transfer,1,1421,False
transfer,1,1422,False
transfer,1,1423,False
transfer,1,1424,False
transfer,1,1425,False
transfer,1,1426,False
transfer,1,1427,False
transfer,1,1428,False
transfer,1,1429,False
transfer,1,1430,False
transfer,1,1431,False
transfer,1,1432,False
transfer,1,1433,False
transfer,1,1434,False
transfer,1,1435,False
transfer,1,1436,False
transfer,1,1437,False
transfer,1,1438,False
transfer,1,1439,False
transfer,1,1440,False
transfer,1,1441,False
transfer,1,1442,False
transfer,1,1443,False
transfer,1,1444,False
transfer,1,1445,False
transfer,1,1446,False
transfer,1,1447,False
transfer,1,1448,False
transfer,1,1449,False
transfer,1,1450,False
transfer,1,1451,False
transfer,1,1452,False
transfer,1,1453,False
transfer,1,1454,False
transfer,1,1455,False
transfer,1,1456,False
transfer,1,1457,False
transfer,1,1458,False
transfer,1,1459,False
transfer,1,1460,False
transfer,1,1461,False
transfer,1,1462,False
transfer,1,1463,False
transfer,1,1464,False
transfer,1,1465,False
transfer,1,1466,False
transfer,1,1467,False
transfer,1,1468,False
transfer,1,1469,False
transfer,1,1470,False
transfer,1,1471,False
transfer,1,1472,False
transfer,1,1473,False
transfer,1,1474,False
transfer,1,1475,False
transfer,1,1476,False
transfer,1,1477,False
transfer,1,1478,False
transfer,1,1479,False
transfer,1,1480,False
transfer,1,1481,False
transfer,1,1482,False
transfer,1,1483,False
transfer,1,1484,False
transfer,1,1485,False
transfer,1,1486,False
transfer,1,1487,False
transfer,1,1488,False
transfer,1,1489,False
transfer,1,1490,False
transfer,1,1491,False
transfer,1,1492,False
transfer,1,1493,False
transfer,1,1494,False
transfer,1,1495,False
transfer,1,1496,False
transfer,1,1497,False
transfer,1,1498,False
transfer,1,1499,False
transfer,2,0,False
transfer,2,1,False
transfer,2,2,False
transfer,2,3,False
transfer,2,4,False
transfer,2,5,False
transfer,2,6,False
transfer,2,7,False
transfer,2,8,False
transfer,2,9,False
transfer,2,10,False
transfer,2,11,False
transfer,2,12,False
transfer,2,13,False
transfer,2,14,False
transfer,2,15,False
transfer,2,16,False
transfer,2,17,False
transfer,2,18,False
transfer,2,19,False
transfer,2,20,False
transfer,2,21,False
transfer,2,22,False
transfer,2,23,False
transfer,2,24,False
transfer,2,25,False
transfer,2,26,False
transfer,2,27,False
transfer,2,28,False
transfer,2,29,False
transfer,2,30,False
transfer,2,31,False
transfer,2,32,False
transfer,2,33,False
transfer,2,34,False
transfer,2,35,False
transfer,2,36,False
transfer,2,37,False
transfer,2,38,False
transfer,2,39,False
transfer,2,40,False
transfer,2,41,False
transfer,2,42,False
transfer,2,43,False
transfer,2,44,False
transfer,2,45,False
transfer,2,46,False
transfer,2,47,False
transfer,2,48,False
transfer,2,49,False
transfer,2,50,False
transfer,2,51,False
transfer,2,52,False
transfer,2,53,False
transfer,2,54,False
transfer,2,55,False
transfer,2,56,False
transfer,2,57,False
transfer,2,58,False
transfer,2,59,False
transfer,2,60,False
transfer,2,61,False
transfer,2,62,False
transfer,2,63,False
transfer,2,64,False
transfer,2,65,False
transfer,2,66,False
transfer,2,67,False
transfer,2,68,False
transfer,2,69,False
transfer,2,70,False
transfer,2,71,False
transfer,2,72,False
transfer,2,73,False
transfer,2,74,False
transfer,2,75,False
transfer,2,76,False
transfer,2,77,False
transfer,2,78,False
transfer,2,79,False
transfer,2,80,False
transfer,2,81,False
transfer,2,82,False
transfer,2,83,False
transfer,2,84,False
transfer,2,85,False
transfer,2,86,False
transfer,2,87,False
transfer,2,88,False
transfer,2,89,False
transfer,2,90,False
transfer,2,91,False
transfer,2,92,False
transfer,2,93,False
transfer,2,94,False
transfer,2,95,False
transfer,2,96,False
transfer,2,97,False
transfer,2,98,False
transfer,2,99,False
transfer,2,100,False
transfer,2,101,False
transfer,2,102,False
transfer,2,103,False
transfer,2,104,False
transfer,2,105,False
transfer,2,106,False
transfer,2,107,False
transfer,2,108,False
transfer,2,109,False
transfer,2,110,False
transfer,2,111,False
transfer,2,112,False
transfer,2,113,False
transfer,2,114,False
transfer,2,115,False
transfer,2,116,False
transfer,2,117,False
transfer,2,118,False
transfer,2,119,False
transfer,2,120,False
transfer,2,121,False
transfer,2,122,False
transfer,2,123,False
transfer,2,124,False
transfer,2,125,False
transfer,2,126,False
transfer,2,127,False
transfer,2,128,False
transfer,2,129,False
transfer,2,130,False
transfer,2,131,False
transfer,2,132,False
transfer,2,133,False
transfer,2,134,False
transfer,2,135,False
transfer,2,136,False
transfer,2,137,False
transfer,2,138,False
transfer,2,139,False
transfer,2,140,False
transfer,2,141,False
transfer,2,142,False
transfer,2,143,False
transfer,2,144,False
transfer,2,145,False
transfer,2,146,False
transfer,2,147,False
transfer,2,148,False
transfer,2,149,False
transfer,2,150,False
transfer,2,151,False
transfer,2,152,False
transfer,2,153,False
transfer,2,154,False
transfer,2,155,False
transfer,2,156,False
transfer,2,157,False
transfer,2,158,False
transfer,2,159,False
transfer,2,160,False
transfer,2,161,False
transfer,2,162,False
transfer,2,163,False
transfer,2,164,False
transfer,2,165,False
transfer,2,166,False
transfer,2,167,False
transfer,2,168,False
transfer,2,169,False
transfer,2,170,False
transfer,2,171,False
transfer,2,172,False
transfer,2,173,False
transfer,2,174,False
transfer,2,175,False
transfer,2,176,False
transfer,2,177,False
transfer,2,178,False
transfer,2,179,False
transfer,2,180,False
transfer,2,181,False
transfer,2,182,False
transfer,2,183,False
transfer,2,184,False
transfer,2,185,False
transfer,2,186,False
transfer,2,187,False
transfer,2,188,False
transfer,2,189,False
transfer,2,190,False
transfer,2,191,False
transfer,2,192,False
transfer,2,193,False
transfer,2,194,False
transfer,2,195,False
transfer,2,196,False
transfer,2,197,False
transfer,2,198,False
transfer,2,199,False
transfer,2,200,False
transfer,2,201,False
transfer,2,202,False
transfer,2,203,False
transfer,2,204,False
transfer,2,205,False
transfer,2,206,False
transfer,2,207,False
transfer,2,208,False
transfer,2,209,False
transfer,2,210,False
transfer,2,211,False
transfer,2,212,False
transfer,2,213,False
transfer,2,214,False
transfer,2,215,False
transfer,2,216,False
transfer,2,217,False
transfer,2,218,False
transfer,2,219,False
transfer,2,220,False
transfer,2,221,False
transfer,2,222,False
transfer,2,223,False
transfer,2,224,False
transfer,2,225,False
transfer,2,226,False
transfer,2,227,False
transfer,2,228,False
transfer,2,229,False
transfer,2,230,False
transfer,2,231,False
transfer,2,232,False
transfer,2,233,False
transfer,2,234,False
transfer,2,235,False
transfer,2,236,False
transfer,2,237,False
transfer,2,238,False
transfer,2,239,False
transfer,2,240,False
transfer,2,241,False
transfer,2,242,False
transfer,2,243,False
transfer,2,244,False
transfer,2,245,False
transfer,2,246,False
transfer,2,247,False
transfer,2,248,False
transfer,2,249,False
transfer,2,250,False
transfer,2,251,False
transfer,2,252,False
transfer,2,253,False
transfer,2,254,False
transfer,2,255,False
transfer,2,256,False
transfer,2,257,False
transfer,2,258,False
transfer,2,259,False
transfer,2,260,False
transfer,2,261,False
transfer,2,262,False
transfer,2,263,False
transfer,2,264,False
transfer,2,265,False
transfer,2,266,False
transfer,2,267,False
transfer,2,268,False
transfer,2,269,False
transfer,2,270,False
transfer,2,271,False
transfer,2,272,False
transfer,2,273,False
transfer,2,274,False
transfer,2,275,False
transfer,2,276,False
transfer,2,277,False
transfer,2,278,False
transfer,2,279,False
transfer,2,280,False
transfer,2,281,False
transfer,2,282,False
transfer,2,283,False
transfer,2,284,False
transfer,2,285,False
transfer,2,286,False
transfer,2,287,False
transfer,2,288,False
transfer,2,289,False
transfer,2,290,False
transfer,2,291,False
transfer,2,292,False
transfer,2,293,False
transfer,2,294,False
transfer,2,295,False
transfer,2,296,False
transfer,2,297,False
transfer,2,298,False
transfer,2,299,False
transfer,2,300,False
transfer,2,301,False
transfer,2,302,False
transfer,2,303,False
transfer,2,304,False
transfer,2,305,False
transfer,2,306,False
transfer,2,307,False
transfer,2,308,False
transfer,2,309,False
transfer,2,310,False
transfer,2,311,False
transfer,2,312,False
transfer,2,313,False
transfer,2,314,False
transfer,2,315,False
transfer,2,316,False
transfer,2,317,False
transfer,2,318,False
transfer,2,319,False
transfer,2,320,False
transfer,2,321,False
transfer,2,322,False
transfer,2,323,False
transfer,2,324,False
transfer,2,325,False
transfer,2,326,False
transfer,2,327,False
transfer,2,328,False
transfer,2,329,False
transfer,2,330,False
transfer,2,331,False
transfer,2,332,False
transfer,2,333,False
transfer,2,334,False
transfer,2,335,False
transfer,2,336,False
transfer,2,337,False
transfer,2,338,False
transfer,2,339,False
transfer,2,340,False
transfer,2,341,False
transfer,2,342,False
transfer,2,343,False
transfer,2,344,False
transfer,2,345,False
transfer,2,346,False
transfer,2,347,False
transfer,2,348,False
transfer,2,349,False
transfer,2,350,False
transfer,2,351,False
transfer,2,352,False
transfer,2,353,False
transfer,2,354,False
transfer,2,355,False
transfer,2,356,False
transfer,2,357,False
transfer,2,358,False
transfer,2,359,False
transfer,2,360,False
transfer,2,361,False
transfer,2,362,False
transfer,2,363,False
transfer,2,364,False
transfer,2,365,False
transfer,2,366,False
transfer,2,367,False
transfer,2,368,False
transfer,2,369,False
transfer,2,370,False
transfer,2,371,False
transfer,2,372,False
transfer,2,373,False
transfer,2,374,False
transfer,2,375,False
transfer,2,376,False
transfer,2,377,False
transfer,2,378,False
transfer,2,379,False
transfer,2,380,False
transfer,2,381,False
transfer,2,382,False
transfer,2,383,False
transfer,2,384,False
transfer,2,385,False
transfer,2,386,False
transfer,2,387,False
transfer,2,388,False
transfer,2,389,False
transfer,2,390,False
transfer,2,391,False
transfer,2,392,False
transfer,2,393,False
transfer,2,394,False
transfer,2,395,False
transfer,2,396,False
transfer,2,397,False
transfer,2,398,False
transfer,2,399,False
transfer,2,400,False
transfer,2,401,False
transfer,2,402,False
transfer,2,403,False
transfer,2,404,False
transfer,2,405,False
transfer,2,406,False
transfer,2,407,False
transfer,2,408,False
transfer,2,409,False
transfer,2,410,False
transfer,2,411,False
transfer,2,412,False
transfer,2,413,False
transfer,2,414,False
transfer,2,415,False
transfer,2,416,False
transfer,2,417,False
transfer,2,418,False
transfer,2,419,False
transfer,2,420,False
transfer,2,421,False
transfer,2,422,False
transfer,2,423,False
transfer,2,424,False
transfer,2,425,False
transfer,2,426,False
transfer,2,427,False
transfer,2,428,False
transfer,2,429,False
transfer,2,430,False
transfer,2,431,False
transfer,2,432,False
transfer,2,433,False
transfer,2,434,False
transfer,2,435,False
transfer,2,436,False
transfer,2,437,False
transfer,2,438,False
transfer,2,439,False
transfer,2,440,False
transfer,2,441,False
transfer,2,442,False
transfer,2,443,False
transfer,2,444,False
transfer,2,445,False
transfer,2,446,False
transfer,2,447,False
transfer,2,448,False
transfer,2,449,False
transfer,2,450,False
transfer,2,451,False
transfer,2,452,False
transfer,2,453,False
transfer,2,454,False
transfer,2,455,False
transfer,2,456,False
transfer,2,457,False
transfer,2,458,False
transfer,2,459,False
transfer,2,460,False
transfer,2,461,False
transfer,2,462,False
transfer,2,463,False
transfer,2,464,False
transfer,2,465,False
transfer,2,466,False
transfer,2,467,False
transfer,2,468,False
transfer,2,469,False
transfer,2,470,False
transfer,2,471,False
transfer,2,472,False
transfer,2,473,False
transfer,2,474,False
transfer,2,475,False
transfer,2,476,False
transfer,2,477,False
transfer,2,478,False
transfer,2,479,False
transfer,2,480,False
transfer,2,481,False
transfer,2,482,False
transfer,2,483,False
transfer,2,484,False
transfer,2,485,False
transfer,2,486,False
transfer,2,487,False
transfer,2,488,False
transfer,2,489,False
transfer,2,490,False
transfer,2,491,False
transfer,2,492,False
transfer,2,493,False
transfer,2,494,False
transfer,2,495,False
transfer,2,496,False
transfer,2,497,False
transfer,2,498,False
transfer,2,499,False
transfer,2,500,False
transfer,2,501,False
transfer,2,502,False
transfer,2,503,False
transfer,2,504,False
transfer,2,505,False
transfer,2,506,False
transfer,2,507,False
transfer,2,508,False
transfer,2,509,False
transfer,2,510,False
transfer,2,511,False
transfer,2,512,False
transfer,2,513,False
transfer,2,514,False
transfer,2,515,False
transfer,2,516,False
transfer,2,517,False
transfer,2,518,False
transfer,2,519,False
transfer,2,520,False
transfer,2,521,False
transfer,2,522,False
transfer,2,523,False
transfer,2,524,False
transfer,2,525,False
transfer,2,526,False
transfer,2,527,False
transfer,2,528,False
transfer,2,529,False
transfer,2,530,False
transfer,2,531,False
transfer,2,532,False
transfer,2,533,False
transfer,2,534,False
transfer,2,535,False
transfer,2,536,False
transfer,2,537,False
transfer,2,538,False
transfer,2,539,False
transfer,2,540,False
transfer,2,541,False
transfer,2,542,False
transfer,2,543,False
transfer,2,544,False
transfer,2,545,False
transfer,2,546,False
transfer,2,547,False
transfer,2,548,False
transfer,2,549,False
transfer,2,550,False
transfer,2,551,False
transfer,2,552,False
transfer,2,553,False
transfer,2,554,False
transfer,2,555,False
transfer,2,556,False
transfer,2,557,False
transfer,2,558,False
transfer,2,559,False
transfer,2,560,False
transfer,2,561,False
transfer,2,562,False
transfer,2,563,False
transfer,2,564,False
transfer,2,565,False
transfer,2,566,False
transfer,2,567,False
transfer,2,568,False
transfer,2,569,False
transfer,2,570,False
transfer,2,571,False
transfer,2,572,False
transfer,2,573,False
transfer,2,574,False
transfer,2,575,False
transfer,2,576,False
transfer,2,577,False
transfer,2,578,False
transfer,2,579,False
transfer,2,580,False
transfer,2,581,False
transfer,2,582,False
transfer,2,583,False
transfer,2,584,False
transfer,2,585,False
transfer,2,586,False
transfer,2,587,False
transfer,2,588,False
transfer,2,589,False
transfer,2,590,False
transfer,2,591,False
transfer,2,592,False
transfer,2,593,False
transfer,2,594,False
transfer,2,595,False
transfer,2,596,False
transfer,2,597,False
transfer,2,598,False
transfer,2,599,False
transfer,2,600,False
transfer,2,601,False
transfer,2,602,False
transfer,2,603,False
transfer,2,604,False
transfer,2,605,False
transfer,2,606,False
transfer,2,607,False
transfer,2,608,False
transfer,2,609,False
transfer,2,610,False
transfer,2,611,False
transfer,2,612,False
transfer,2,613,False
transfer,2,614,False
transfer,2,615,False
transfer,2,616,False
transfer,2,617,False
transfer,2,618,False
transfer,2,619,False
transfer,2,620,False
transfer,2,621,False
transfer,2,622,False
transfer,2,623,False
transfer,2,624,False
transfer,2,625,False
transfer,2,626,False
transfer,2,627,False
transfer,2,628,False
transfer,2,629,False
transfer,2,630,False
transfer,2,631,False
transfer,2,632,False
transfer,2,633,False
transfer,2,634,False
transfer,2,635,False
transfer,2,636,False
transfer,2,637,False
transfer,2,638,False
transfer,2,639,False
transfer,2,640,False
transfer,2,641,False
transfer,2,642,False
transfer,2,643,False
transfer,2,644,False
transfer,2,645,False
transfer,2,646,False
transfer,2,647,False
transfer,2,648,False
transfer,2,649,False
transfer,2,650,False
transfer,2,651,False
transfer,2,652,False
transfer,2,653,False
transfer,2,654,False
transfer,2,655,False
transfer,2,656,False
transfer,2,657,False
transfer,2,658,False
transfer,2,659,False
transfer,2,660,False
transfer,2,661,False
transfer,2,662,False
transfer,2,663,False
transfer,2,664,False
transfer,2,665,False
transfer,2,666,False
transfer,2,667,False
transfer,2,668,False
transfer,2,669,False
transfer,2,670,False
transfer,2,671,False
transfer,2,672,False
transfer,2,673,False
transfer,2,674,False
transfer,2,675,False
transfer,2,676,False
transfer,2,677,False
transfer,2,678,False
transfer,2,679,False
transfer,2,680,False
transfer,2,681,False
transfer,2,682,False
transfer,2,683,False
transfer,2,684,False
transfer,2,685,False
transfer,2,686,False
transfer,2,687,False
transfer,2,688,False
transfer,2,689,False
transfer,2,690,False
transfer,2,691,False
transfer,2,692,False
transfer,2,693,False
transfer,2,694,False
transfer,2,695,False
transfer,2,696,False
transfer,2,697,False
transfer,2,698,False
transfer,2,699,False
transfer,2,700,False
transfer,2,701,False
transfer,2,702,False
transfer,2,703,False
transfer,2,704,False
transfer,2,705,False
transfer,2,706,False
transfer,2,707,False
transfer,2,708,False
transfer,2,709,False
transfer,2,710,False
transfer,2,711,False
transfer,2,712,False
transfer,2,713,False
transfer,2,714,False
transfer,2,715,False
transfer,2,716,False
transfer,2,717,False
transfer,2,718,False
transfer,2,719,False
transfer,2,720,False
transfer,2,721,False
transfer,2,722,False
transfer,2,723,False
transfer,2,724,False
transfer,2,725,False
transfer,2,726,False
transfer,2,727,False
transfer,2,728,False
transfer,2,729,False
transfer,2,730,False
transfer,2,731,False
transfer,2,732,False
transfer,2,733,False
transfer,2,734,False
transfer,2,735,False
transfer,2,736,False
transfer,2,737,False
transfer,2,738,False
transfer,2,739,False
transfer,2,740,False
transfer,2,741,False
transfer,2,742,False
transfer,2,743,False
transfer,2,744,False
transfer,2,745,False
transfer,2,746,False
transfer,2,747,False
transfer,2,748,False
transfer,2,749,False
transfer,2,750,False
transfer,2,751,False
transfer,2,752,False
transfer,2,753,False
transfer,2,754,False
transfer,2,755,False
transfer,2,756,False
transfer,2,757,False
transfer,2,758,False
transfer,2,759,False
transfer,2,760,False
transfer,2,761,False
transfer,2,762,False
transfer,2,763,False
transfer,2,764,False
transfer,2,765,False
transfer,2,766,False
transfer,2,767,False
transfer,2,768,False
transfer,2,769,False
transfer,2,770,False
transfer,2,771,False
transfer,2,772,False
transfer,2,773,False
transfer,2,774,False
transfer,2,775,False
transfer,2,776,False
transfer,2,777,False
transfer,2,778,False
transfer,2,779,False
transfer,2,780,False
transfer,2,781,False
transfer,2,782,False
transfer,2,783,False
transfer,2,784,False
transfer,2,785,False
transfer,2,786,False
transfer,2,787,False
transfer,2,788,False
transfer,2,789,False
transfer,2,790,False
transfer,2,791,False
transfer,2,792,False
transfer,2,793,False
transfer,2,794,False
transfer,2,795,False
transfer,2,796,False
transfer,2,797,False
transfer,2,798,False
transfer,2,799,False
transfer,2,800,False
transfer,2,801,False
transfer,2,802,False
transfer,2,803,False
transfer,2,804,False
transfer,2,805,False
transfer,2,806,False
transfer,2,807,False
transfer,2,808,False
transfer,2,809,False
transfer,2,810,False
transfer,2,811,False
transfer,2,812,False
transfer,2,813,False
transfer,2,814,False
transfer,2,815,False
transfer,2,816,False
transfer,2,817,False
transfer,2,818,False
transfer,2,819,False
transfer,2,820,False
transfer,2,821,False
transfer,2,822,False
transfer,2,823,False
transfer,2,824,False
transfer,2,825,False
transfer,2,826,False
transfer,2,827,False
transfer,2,828,False
transfer,2,829,False
transfer,2,830,False
transfer,2,831,False
transfer,2,832,False
transfer,2,833,False
transfer,2,834,False
transfer,2,835,False
transfer,2,836,False
transfer,2,837,False
transfer,2,838,False
transfer,2,839,False
transfer,2,840,False
transfer,2,841,False
transfer,2,842,False
transfer,2,843,False
transfer,2,844,False
transfer,2,845,False
transfer,2,846,False
transfer,2,847,False
transfer,2,848,False
transfer,2,849,False
transfer,2,850,False
transfer,2,851,False
transfer,2,852,False
transfer,2,853,False
transfer,2,854,False
transfer,2,855,False
transfer,2,856,False
transfer,2,857,False
transfer,2,858,False
transfer,2,859,False
transfer,2,860,False
transfer,2,861,False
transfer,2,862,False
transfer,2,863,False
transfer,2,864,False
transfer,2,865,False
transfer,2,866,False
transfer,2,867,False
transfer,2,868,False
transfer,2,869,False
transfer,2,870,False
transfer,2,871,False
transfer,2,872,False
transfer,2,873,False
transfer,2,874,False
transfer,2,875,False
transfer,2,876,False
transfer,2,877,False
transfer,2,878,False
transfer,2,879,False
transfer,2,880,False
transfer,2,881,False
transfer,2,882,False
transfer,2,883,False
transfer,2,884,False
transfer,2,885,False
transfer,2,886,False
transfer,2,887,False
transfer,2,888,False
transfer,2,889,False
transfer,2,890,False
transfer,2,891,False
transfer,2,892,False
transfer,2,893,False
transfer,2,894,False
transfer,2,895,False
transfer,2,896,False
transfer,2,897,False
transfer,2,898,False
transfer,2,899,False
transfer,2,900,False
transfer,2,901,False
transfer,2,902,False
transfer,2,903,False
transfer,2,904,False
transfer,2,905,False
transfer,2,906,False
transfer,2,907,False
transfer,2,908,False
transfer,2,909,False
transfer,2,910,False
transfer,2,911,False
transfer,2,912,False
transfer,2,913,False
transfer,2,914,False
transfer,2,915,False
transfer,2,916,False
transfer,2,917,False
transfer,2,918,False
transfer,2,919,False
transfer,2,920,False
transfer,2,921,False
transfer,2,922,False
transfer,2,923,False
transfer,2,924,False
transfer,2,925,False
transfer,2,926,False
transfer,2,927,False
transfer,2,928,False
transfer,2,929,False
transfer,2,930,False
transfer,2,931,False
transfer,2,932,False
transfer,2,933,False
transfer,2,934,False
transfer,2,935,False
transfer,2,936,False
transfer,2,937,False
transfer,2,938,False
transfer,2,939,False
transfer,2,940,False
transfer,2,941,False
transfer,2,942,False
transfer,2,943,False
transfer,2,944,False
transfer,2,945,False
transfer,2,946,False
transfer,2,947,False
transfer,2,948,False
transfer,2,949,False
transfer,2,950,False
transfer,2,951,False
transfer,2,952,False
transfer,2,953,False
transfer,2,954,False
transfer,2,955,False
transfer,2,956,False
transfer,2,957,False
transfer,2,958,False
transfer,2,959,False
transfer,2,960,False
transfer,2,961,False
transfer,2,962,False
transfer,2,963,False
transfer,2,964,False
transfer,2,965,False
transfer,2,966,False
transfer,2,967,False
transfer,2,968,False
transfer,2,969,False
transfer,2,970,False
transfer,2,971,False
transfer,2,972,False
transfer,2,973,False
transfer,2,974,False
transfer,2,975,False
transfer,2,976,False
transfer,2,977,False
transfer,2,978,False
transfer,2,979,False
transfer,2,980,False
transfer,2,981,False
transfer,2,982,False
transfer,2,983,False
transfer,2,984,False
transfer,2,985,False
transfer,2,986,False
transfer,2,987,False
transfer,2,988,False
transfer,2,989,False
transfer,2,990,False
transfer,2,991,False
transfer,2,992,False
transfer,2,993,False
transfer,2,994,False
transfer,2,995,False
transfer,2,996,False
transfer,2,997,False
transfer,2,998,False
transfer,2,999,False
transfer,2,1000,False
transfer,2,1001,False
transfer,2,1002,False
transfer,2,1003,False
transfer,2,1004,False
transfer,2,1005,False
transfer,2,1006,False
transfer,2,1007,False
transfer,2,1008,False
transfer,2,1009,False
transfer,2,1010,False
transfer,2,1011,False
transfer,2,1012,False
transfer,2,1013,False
transfer,2,1014,False
transfer,2,1015,False
transfer,2,1016,False
transfer,2,1017,False
transfer,2,1018,False
transfer,2,1019,False
transfer,2,1020,False
transfer,2,1021,False
transfer,2,1022,False
transfer,2,1023,False
transfer,2,1024,False
transfer,2,1025,False
transfer,2,1026,False
transfer,2,1027,False
transfer,2,1028,False
transfer,2,1029,False
transfer,2,1030,False
transfer,2,1031,False
transfer,2,1032,False
transfer,2,1033,False
transfer,2,1034,False
transfer,2,1035,False
transfer,2,1036,False
transfer,2,1037,False
transfer,2,1038,False
transfer,2,1039,False
transfer,2,1040,False
transfer,2,1041,False
transfer,2,1042,False
transfer,2,1043,False
transfer,2,1044,False
transfer,2,1045,False
transfer,2,1046,False
transfer,2,1047,False
transfer,2,1048,False
transfer,2,1049,False
transfer,2,1050,False
transfer,2,1051,False
transfer,2,1052,False
transfer,2,1053,False
transfer,2,1054,False
transfer,2,1055,False
transfer,2,1056,False
transfer,2,1057,False
transfer,2,1058,False
transfer,2,1059,False
transfer,2,1060,False
transfer,2,1061,False
transfer,2,1062,False
transfer,2,1063,False
transfer,2,1064,False
transfer,2,1065,False
transfer,2,1066,False
transfer,2,1067,False
transfer,2,1068,False
transfer,2,1069,False
transfer,2,1070,False
transfer,2,1071,False
transfer,2,1072,False
transfer,2,1073,False
transfer,2,1074,False
transfer,2,1075,False
transfer,2,1076,False
transfer,2,1077,False
transfer,2,1078,False
transfer,2,1079,False
transfer,2,1080,False
transfer,2,1081,False
transfer,2,1082,False
transfer,2,1083,False
transfer,2,1084,False
transfer,2,1085,False
transfer,2,1086,False
transfer,2,1087,False
transfer,2,1088,False
transfer,2,1089,False
transfer,2,1090,False
transfer,2,1091,False
transfer,2,1092,False
transfer,2,1093,False
transfer,2,1094,False
transfer,2,1095,False
transfer,2,1096,False
transfer,2,1097,False
transfer,2,1098,False
transfer,2,1099,False
transfer,2,1100,False
transfer,2,1101,False
transfer,2,1102,False
transfer,2,1103,False
transfer,2,1104,False
transfer,2,1105,False
transfer,2,1106,False
transfer,2,1107,False
transfer,2,1108,False
transfer,2,1109,False
transfer,2,1110,False
transfer,2,1111,False
transfer,2,1112,False
transfer,2,1113,False
transfer,2,1114,False
transfer,2,1115,False
transfer,2,1116,False
transfer,2,1117,False
transfer,2,1118,False
transfer,2,1119,False
transfer,2,1120,False
transfer,2,1121,False
transfer,2,1122,False
transfer,2,1123,False
transfer,2,1124,False
transfer,2,1125,False
transfer,2,1126,False
transfer,2,1127,False
transfer,2,1128,False
transfer,2,1129,False
transfer,2,1130,False
transfer,2,1131,False
transfer,2,1132,False
transfer,2,1133,False
transfer,2,1134,False
transfer,2,1135,False
transfer,2,1136,False
transfer,2,1137,False
transfer,2,1138,False
transfer,2,1139,False
transfer,2,1140,False
transfer,2,1141,False
transfer,2,1142,False
transfer,2,1143,False
transfer,2,1144,False
transfer,2,1145,False
transfer,2,1146,False
transfer,2,1147,False
transfer,2,1148,False
transfer,2,1149,False
transfer,2,1150,False
transfer,2,1151,False
transfer,2,1152,False
transfer,2,1153,False
transfer,2,1154,False
transfer,2,1155,False
transfer,2,1156,False
transfer,2,1157,False
transfer,2,1158,False
transfer,2,1159,False
transfer,2,1160,False
transfer,2,1161,False
transfer,2,1162,False
transfer,2,1163,False
transfer,2,1164,False
transfer,2,1165,False
transfer,2,1166,False
transfer,2,1167,False
transfer,2,1168,False
transfer,2,1169,False
transfer,2,1170,False
transfer,2,1171,False
transfer,2,1172,False
transfer,2,1173,False
transfer,2,1174,False
transfer,2,1175,False
transfer,2,1176,False
transfer,2,1177,False
transfer,2,1178,False
transfer,2,1179,False
transfer,2,1180,False
transfer,2,1181,False
transfer,2,1182,False
transfer,2,1183,False
transfer,2,1184,False
transfer,2,1185,False
transfer,2,1186,False
transfer,2,1187,False
transfer,2,1188,False
transfer,2,1189,False
transfer,2,1190,False
transfer,2,1191,False
transfer,2,1192,False
transfer,2,1193,False
transfer,2,1194,False
transfer,2,1195,False
transfer,2,1196,False
transfer,2,1197,False
transfer,2,1198,False
transfer,2,1199,False
transfer,2,1200,False
transfer,2,1201,False
transfer,2,1202,False
transfer,2,1203,False
transfer,2,1204,False
transfer,2,1205,False
transfer,2,1206,False
transfer,2,1207,False
transfer,2,1208,False
transfer,2,1209,False
transfer,2,1210,False
transfer,2,1211,False
transfer,2,1212,False
transfer,2,1213,False
transfer,2,1214,False
transfer,2,1215,False
transfer,2,1216,False
transfer,2,1217,False
transfer,2,1218,False
transfer,2,1219,False
transfer,2,1220,False
transfer,2,1221,False
transfer,2,1222,False
transfer,2,1223,False
transfer,2,1224,False
transfer,2,1225,False
transfer,2,1226,False
transfer,2,1227,False
transfer,2,1228,False
transfer,2,1229,False
transfer,2,1230,False
transfer,2,1231,False
transfer,2,1232,False
transfer,2,1233,False
transfer,2,1234,False
transfer,2,1235,False
transfer,2,1236,False
transfer,2,1237,False
transfer,2,1238,False
transfer,2,1239,False
transfer,2,1240,False
transfer,2,1241,False
transfer,2,1242,False
transfer,2,1243,False
transfer,2,1244,False
transfer,2,1245,False
transfer,2,1246,False
transfer,2,1247,False
transfer,2,1248,False
transfer,2,1249,False
transfer,2,1250,False
transfer,2,1251,False
transfer,2,1252,False
transfer,2,1253,False
transfer,2,1254,False
transfer,2,1255,False
transfer,2,1256,False
transfer,2,1257,False
transfer,2,1258,False
transfer,2,1259,False
transfer,2,1260,False
transfer,2,1261,False
transfer,2,1262,False
transfer,2,1263,False
transfer,2,1264,False
transfer,2,1265,False
transfer,2,1266,False
transfer,2,1267,False
transfer,2,1268,False
transfer,2,1269,False
transfer,2,1270,False
transfer,2,1271,False
transfer,2,1272,False
transfer,2,1273,False
transfer,2,1274,False
transfer,2,1275,False
transfer,2,1276,False
transfer,2,1277,False
transfer,2,1278,False
transfer,2,1279,False
transfer,2,1280,False
transfer,2,1281,False
transfer,2,1282,False
transfer,2,1283,False
transfer,2,1284,False
transfer,2,1285,False
transfer,2,1286,False
transfer,2,1287,False
transfer,2,1288,False
transfer,2,1289,False
transfer,2,1290,False
transfer,2,1291,False
transfer,2,1292,False
transfer,2,1293,False
transfer,2,1294,False
transfer,2,1295,False
transfer,2,1296,False
transfer,2,1297,False
transfer,2,1298,False
transfer,2,1299,False
transfer,2,1300,False
transfer,2,1301,False
transfer,2,1302,False
transfer,2,1303,False
transfer,2,1304,False
transfer,2,1305,False
transfer,2,1306,False
transfer,2,1307,False
transfer,2,1308,False
transfer,2,1309,False
transfer,2,1310,False
transfer,2,1311,False
transfer,2,1312,False
transfer,2,1313,False
transfer,2,1314,False
transfer,2,1315,False
transfer,2,1316,False
transfer,2,1317,False
transfer,2,1318,False
transfer,2,1319,False
transfer,2,1320,False
transfer,2,1321,False
transfer,2,1322,False
transfer,2,1323,False
transfer,2,1324,False
transfer,2,1325,False
transfer,2,1326,False
transfer,2,1327,False
transfer,2,1328,False
transfer,2,1329,False
transfer,2,1330,False
transfer,2,1331,False
transfer,2,1332,False
transfer,2,1333,False
transfer,2,1334,False
transfer,2,1335,False
transfer,2,1336,False
transfer,2,1337,False
transfer,2,1338,False
transfer,2,1339,False
transfer,2,1340,False
transfer,2,1341,False
transfer,2,1342,False
transfer,2,1343,False
transfer,2,1344,False
transfer,2,1345,False
transfer,2,1346,False
transfer,2,1347,False
transfer,2,1348,False
transfer,2,1349,False
transfer,2,1350,False
transfer,2,1351,False
transfer,2,1352,False
transfer,2,1353,False
transfer,2,1354,False
transfer,2,1355,False
transfer,2,1356,False
transfer,2,1357,False
transfer,2,1358,False
transfer,2,1359,False
transfer,2,1360,False
transfer,2,1361,False
transfer,2,1362,False
transfer,2,1363,False
transfer,2,1364,False
transfer,2,1365,False
transfer,2,1366,False
transfer,2,1367,False
transfer,2,1368,False
transfer,2,1369,False
transfer,2,1370,False
transfer,2,1371,False
transfer,2,1372,False
transfer,2,1373,False
transfer,2,1374,False
transfer,2,1375,False
transfer,2,1376,False
transfer,2,1377,False
transfer,2,1378,False
transfer,2,1379,False
transfer,2,1380,False
transfer,2,1381,False
transfer,2,1382,False
transfer,2,1383,False
transfer,2,1384,False
transfer,2,1385,False
transfer,2,1386,False
transfer,2,1387,False
transfer,2,1388,False
transfer,2,1389,False
transfer,2,1390,False
transfer,2,1391,False
transfer,2,1392,False
transfer,2,1393,False
transfer,2,1394,False
transfer,2,1395,False
transfer,2,1396,False
transfer,2,1397,False
transfer,2,1398,False
transfer,2,1399,False
transfer,2,1400,False
transfer,2,1401,False
transfer,2,1402,False
transfer,2,1403,False
transfer,2,1404,False
transfer,2,1405,False
transfer,2,1406,False
transfer,2,1407,False
transfer,2,1408,False
transfer,2,1409,False
transfer,2,1410,False
transfer,2,1411,False
transfer,2,1412,False
transfer,2,1413,False
transfer,2,1414,False
transfer,2,1415,False
transfer,2,1416,False
transfer,2,1417,False
transfer,2,1418,False
transfer,2,1419,False
transfer,2,1420,False
transfer,2,1421,False
transfer,2,1422,False
transfer,2,1423,False
transfer,2,1424,False
transfer,2,1425,False
transfer,2,1426,False
transfer,2,1427,False
transfer,2,1428,False
transfer,2,1429,False
transfer,2,1430,False
transfer,2,1431,False
transfer,2,1432,False
transfer,2,1433,False
transfer,2,1434,False
transfer,2,1435,False
transfer,2,1436,False
transfer,2,1437,False
transfer,2,1438,False
transfer,2,1439,False
transfer,2,1440,False
transfer,2,1441,False
transfer,2,1442,False
transfer,2,1443,False
transfer,2,1444,False
transfer,2,1445,False
transfer,2,1446,False
transfer,2,1447,False
transfer,2,1448,False
transfer,2,1449,False
transfer,2,1450,False
transfer,2,1451,False
transfer,2,1452,False
transfer,2,1453,False
transfer,2,1454,False
transfer,2,1455,False
transfer,2,1456,False
transfer,2,1457,False
transfer,2,1458,False
transfer,2,1459,False
transfer,2,1460,False
transfer,2,1461,False
transfer,2,1462,False
transfer,2,1463,False
transfer,2,1464,False
transfer,2,1465,False
transfer,2,1466,False
transfer,2,1467,False
transfer,2,1468,False
transfer,2,1469,False
transfer,2,1470,False
transfer,2,1471,False
transfer,2,1472,False
transfer,2,1473,False
transfer,2,1474,False
transfer,2,1475,False
transfer,2,1476,False
transfer,2,1477,False
transfer,2,1478,False
transfer,2,1479,False
transfer,2,1480,False
transfer,2,1481,False
transfer,2,1482,False
transfer,2,1483,False
transfer,2,1484,False
transfer,2,1485,False
transfer,2,1486,False
transfer,2,1487,False
transfer,2,1488,False
transfer,2,1489,False
transfer,2,1490,False
transfer,2,1491,False
transfer,2,1492,False
transfer,2,1493,False
transfer,2,1494,False
transfer,2,1495,False
transfer,2,1496,False
transfer,2,1497,False
transfer,2,1498,False
transfer,2,1499,False
transfer,3,0,False
transfer,3,1,False
transfer,3,2,False
transfer,3,3,False
transfer,3,4,False
transfer,3,5,False
transfer,3,6,False
transfer,3,7,False
transfer,3,8,False
transfer,3,9,False
transfer,3,10,False
transfer,3,11,False
transfer,3,12,False
transfer,3,13,False
transfer,3,14,False
transfer,3,15,False
transfer,3,16,False
transfer,3,17,False
transfer,3,18,False
transfer,3,19,False
transfer,3,20,False
transfer,3,21,False
transfer,3,22,False
transfer,3,23,False
transfer,3,24,False
transfer,3,25,False
transfer,3,26,False
transfer,3,27,False
transfer,3,28,False
transfer,3,29,False
transfer,3,30,False
transfer,3,31,False
transfer,3,32,False
transfer,3,33,False
transfer,3,34,False
transfer,3,35,False
transfer,3,36,False
transfer,3,37,False
transfer,3,38,False
transfer,3,39,False
transfer,3,40,False
transfer,3,41,False
transfer,3,42,False
transfer,3,43,False
transfer,3,44,False
transfer,3,45,False
transfer,3,46,False
transfer,3,47,False
transfer,3,48,False
transfer,3,49,False
transfer,3,50,False
transfer,3,51,False
transfer,3,52,False
transfer,3,53,False
transfer,3,54,False
transfer,3,55,False
transfer,3,56,False
transfer,3,57,False
transfer,3,58,False
transfer,3,59,False
transfer,3,60,False
transfer,3,61,False
transfer,3,62,False
transfer,3,63,False
transfer,3,64,False
transfer,3,65,False
transfer,3,66,False
transfer,3,67,False
transfer,3,68,False
transfer,3,69,False
transfer,3,70,False
transfer,3,71,False
transfer,3,72,False
transfer,3,73,False
transfer,3,74,False
transfer,3,75,False
transfer,3,76,False
transfer,3,77,False
transfer,3,78,False
transfer,3,79,False
transfer,3,80,False
transfer,3,81,False
transfer,3,82,False
transfer,3,83,False
transfer,3,84,False
transfer,3,85,False
transfer,3,86,False
transfer,3,87,False
transfer,3,88,False
transfer,3,89,False
transfer,3,90,False
transfer,3,91,False
transfer,3,92,False
transfer,3,93,False
transfer,3,94,False
transfer,3,95,False
transfer,3,96,False
transfer,3,97,False
transfer,3,98,False
transfer,3,99,False
transfer,3,100,False
transfer,3,101,False
transfer,3,102,False
transfer,3,103,False
transfer,3,104,False
transfer,3,105,False
transfer,3,106,False
transfer,3,107,False
transfer,3,108,False
transfer,3,109,False
transfer,3,110,False
transfer,3,111,False
transfer,3,112,False
transfer,3,113,False
transfer,3,114,False
transfer,3,115,False
transfer,3,116,False
transfer,3,117,False
transfer,3,118,False
transfer,3,119,False
transfer,3,120,False
transfer,3,121,False
transfer,3,122,False
transfer,3,123,False
transfer,3,124,False
transfer,3,125,False
transfer,3,126,False
transfer,3,127,False
transfer,3,128,False
transfer,3,129,False
transfer,3,130,False
transfer,3,131,False
transfer,3,132,False
transfer,3,133,False
transfer,3,134,False
transfer,3,135,False
transfer,3,136,False
transfer,3,137,False
transfer,3,138,False
transfer,3,139,False
transfer,3,140,False
transfer,3,141,False
transfer,3,142,False
transfer,3,143,False
transfer,3,144,False
transfer,3,145,False
transfer,3,146,False
transfer,3,147,False
transfer,3,148,False
transfer,3,149,False
transfer,3,150,False
transfer,3,151,False
transfer,3,152,False
transfer,3,153,False
transfer,3,154,False
transfer,3,155,False
transfer,3,156,False
transfer,3,157,False
transfer,3,158,False
transfer,3,159,False
transfer,3,160,False
transfer,3,161,False
transfer,3,162,False
transfer,3,163,False
transfer,3,164,False
transfer,3,165,False
transfer,3,166,False
transfer,3,167,False
transfer,3,168,False
transfer,3,169,False
transfer,3,170,False
transfer,3,171,False
transfer,3,172,False
transfer,3,173,False
transfer,3,174,False
transfer,3,175,False
transfer,3,176,False
transfer,3,177,False
transfer,3,178,False
transfer,3,179,False
transfer,3,180,False
transfer,3,181,False
transfer,3,182,False
transfer,3,183,False
transfer,3,184,False
transfer,3,185,False
transfer,3,186,False
transfer,3,187,False
transfer,3,188,False
transfer,3,189,False
transfer,3,190,False
transfer,3,191,False
transfer,3,192,False
transfer,3,193,False
transfer,3,194,False
transfer,3,195,False
transfer,3,196,False
transfer,3,197,False
transfer,3,198,False
transfer,3,199,False
transfer,3,200,False
transfer,3,201,False
transfer,3,202,False
transfer,3,203,False
transfer,3,204,False
transfer,3,205,False
transfer,3,206,False
transfer,3,207,False
transfer,3,208,False
transfer,3,209,False
transfer,3,210,False
transfer,3,211,False
transfer,3,212,False
transfer,3,213,False
transfer,3,214,False
transfer,3,215,False
transfer,3,216,False
transfer,3,217,False
transfer,3,218,False
transfer,3,219,False
transfer,3,220,False
transfer,3,221,False
transfer,3,222,False
transfer,3,223,False
transfer,3,224,False
transfer,3,225,False
transfer,3,226,False
transfer,3,227,False
transfer,3,228,False
transfer,3,229,False
transfer,3,230,False
transfer,3,231,False
transfer,3,232,False
transfer,3,233,False
transfer,3,234,False
transfer,3,235,False
transfer,3,236,False
transfer,3,237,False
transfer,3,238,False
transfer,3,239,False
transfer,3,240,False
transfer,3,241,False
transfer,3,242,False
transfer,3,243,False
transfer,3,244,False
transfer,3,245,False
transfer,3,246,False
transfer,3,247,False
transfer,3,248,False
transfer,3,249,False
transfer,3,250,False
transfer,3,251,False
transfer,3,252,False
transfer,3,253,False
transfer,3,254,False
transfer,3,255,False
transfer,3,256,False
transfer,3,257,False
transfer,3,258,False
transfer,3,259,False
transfer,3,260,False
transfer,3,261,False
transfer,3,262,False
transfer,3,263,False
transfer,3,264,False
transfer,3,265,False
transfer,3,266,False
transfer,3,267,False
transfer,3,268,False
transfer,3,269,False
transfer,3,270,False
transfer,3,271,False
transfer,3,272,False
transfer,3,273,False
transfer,3,274,False
transfer,3,275,False
transfer,3,276,False
transfer,3,277,False
transfer,3,278,False
transfer,3,279,False
transfer,3,280,False
transfer,3,281,False
transfer,3,282,False
transfer,3,283,False
transfer,3,284,False
transfer,3,285,False
transfer,3,286,False
transfer,3,287,False
transfer,3,288,False
transfer,3,289,False
transfer,3,290,False
transfer,3,291,False
transfer,3,292,False
transfer,3,293,False
transfer,3,294,False
transfer,3,295,False
transfer,3,296,False
transfer,3,297,False
transfer,3,298,False
transfer,3,299,False
transfer,3,300,False
transfer,3,301,False
transfer,3,302,False
transfer,3,303,False
transfer,3,304,False
transfer,3,305,False
transfer,3,306,False
transfer,3,307,False
transfer,3,308,False
transfer,3,309,False
transfer,3,310,False
transfer,3,311,False
transfer,3,312,False
transfer,3,313,False
transfer,3,314,False
transfer,3,315,False
transfer,3,316,False
transfer,3,317,False
transfer,3,318,False
transfer,3,319,False
transfer,3,320,False
transfer,3,321,False
transfer,3,322,False
transfer,3,323,False
transfer,3,324,False
transfer,3,325,False
transfer,3,326,False
transfer,3,327,False
transfer,3,328,False
transfer,3,329,False
transfer,3,330,False
transfer,3,331,False
transfer,3,332,False
transfer,3,333,False
transfer,3,334,False
transfer,3,335,False
transfer,3,336,False
transfer,3,337,False
transfer,3,338,False
transfer,3,339,False
transfer,3,340,False
transfer,3,341,False
transfer,3,342,False
transfer,3,343,False
transfer,3,344,False
transfer,3,345,False
transfer,3,346,False
transfer,3,347,False
transfer,3,348,False
transfer,3,349,False
transfer,3,350,False
transfer,3,351,False
transfer,3,352,False
transfer,3,353,False
transfer,3,354,False
transfer,3,355,False
transfer,3,356,False
transfer,3,357,False
transfer,3,358,False
transfer,3,359,False
transfer,3,360,False
transfer,3,361,False
transfer,3,362,False
transfer,3,363,False
transfer,3,364,False
transfer,3,365,False
transfer,3,366,False
transfer,3,367,False
transfer,3,368,False
transfer,3,369,False
transfer,3,370,False
transfer,3,371,False
transfer,3,372,False
transfer,3,373,False
transfer,3,374,False
transfer,3,375,False
transfer,3,376,False
transfer,3,377,False
transfer,3,378,False
transfer,3,379,False
transfer,3,380,False
transfer,3,381,False
transfer,3,382,False
transfer,3,383,False
transfer,3,384,False
transfer,3,385,False
transfer,3,386,False
transfer,3,387,False
transfer,3,388,False
transfer,3,389,False
transfer,3,390,False
transfer,3,391,False
transfer,3,392,False
transfer,3,393,False
transfer,3,394,False
transfer,3,395,False
transfer,3,396,False
transfer,3,397,False
transfer,3,398,False
transfer,3,399,False
transfer,3,400,False
transfer,3,401,False
transfer,3,402,False
transfer,3,403,False
transfer,3,404,False
transfer,3,405,False
transfer,3,406,False
transfer,3,407,False
transfer,3,408,False
transfer,3,409,False
transfer,3,410,False
transfer,3,411,False
transfer,3,412,False
transfer,3,413,False
transfer,3,414,False
transfer,3,415,False
transfer,3,416,False
transfer,3,417,False
transfer,3,418,False
transfer,3,419,False
transfer,3,420,False
transfer,3,421,False
transfer,3,422,False
transfer,3,423,False
transfer,3,424,False
transfer,3,425,False
transfer,3,426,False
transfer,3,427,False
transfer,3,428,False
transfer,3,429,False
transfer,3,430,False
transfer,3,431,False
transfer,3,432,False
transfer,3,433,False
transfer,3,434,False
transfer,3,435,False
transfer,3,436,False
transfer,3,437,False
transfer,3,438,False
transfer,3,439,False
transfer,3,440,False
transfer,3,441,False
transfer,3,442,False
transfer,3,443,False
transfer,3,444,False
transfer,3,445,False
transfer,3,446,False
transfer,3,447,False
transfer,3,448,False
transfer,3,449,False
transfer,3,450,False
transfer,3,451,False
transfer,3,452,False
transfer,3,453,False
transfer,3,454,False
transfer,3,455,False
transfer,3,456,False
transfer,3,457,False
transfer,3,458,False
transfer,3,459,False
transfer,3,460,False
transfer,3,461,False
transfer,3,462,False
transfer,3,463,False
transfer,3,464,False
transfer,3,465,False
transfer,3,466,False
transfer,3,467,False
transfer,3,468,False
transfer,3,469,False
transfer,3,470,False
transfer,3,471,False
transfer,3,472,False
transfer,3,473,False
transfer,3,474,False
transfer,3,475,False
transfer,3,476,False
transfer,3,477,False
transfer,3,478,False
transfer,3,479,False
transfer,3,480,False
transfer,3,481,False
transfer,3,482,False
transfer,3,483,False
transfer,3,484,False
transfer,3,485,False
transfer,3,486,False
transfer,3,487,False
transfer,3,488,False
transfer,3,489,False
transfer,3,490,False
transfer,3,491,False
transfer,3,492,False
transfer,3,493,False
transfer,3,494,False
transfer,3,495,False
transfer,3,496,False
transfer,3,497,False
transfer,3,498,False
transfer,3,499,False
transfer,3,500,False
transfer,3,501,False
transfer,3,502,False
transfer,3,503,False
transfer,3,504,False
transfer,3,505,False
transfer,3,506,False
transfer,3,507,False
transfer,3,508,False
transfer,3,509,False
transfer,3,510,False
transfer,3,511,False
transfer,3,512,False
transfer,3,513,False
transfer,3,514,False
transfer,3,515,False
transfer,3,516,False
transfer,3,517,False
transfer,3,518,False
transfer,3,519,False
transfer,3,520,False
transfer,3,521,False
transfer,3,522,False
transfer,3,523,False
transfer,3,524,False
transfer,3,525,False
transfer,3,526,False
transfer,3,527,False
transfer,3,528,False
transfer,3,529,False
transfer,3,530,False
transfer,3,531,False
transfer,3,532,False
transfer,3,533,False
transfer,3,534,False
transfer,3,535,False
transfer,3,536,False
transfer,3,537,False
transfer,3,538,False
transfer,3,539,False
transfer,3,540,False
transfer,3,541,False
transfer,3,542,False
transfer,3,543,False
transfer,3,544,False
transfer,3,545,False
transfer,3,546,False
transfer,3,547,False
transfer,3,548,False
transfer,3,549,False
transfer,3,550,False
transfer,3,551,False
transfer,3,552,False
transfer,3,553,False
transfer,3,554,False
transfer,3,555,False
transfer,3,556,False
transfer,3,557,False
transfer,3,558,False
transfer,3,559,False
transfer,3,560,False
transfer,3,561,False
transfer,3,562,False
transfer,3,563,False
transfer,3,564,False
transfer,3,565,False
transfer,3,566,False
transfer,3,567,False
transfer,3,568,False
transfer,3,569,False
transfer,3,570,False
transfer,3,571,False
transfer,3,572,False
transfer,3,573,False
transfer,3,574,False
transfer,3,575,False
transfer,3,576,False
transfer,3,577,False
transfer,3,578,False
transfer,3,579,False
transfer,3,580,False
transfer,3,581,False
transfer,3,582,False
transfer,3,583,False
transfer,3,584,False
transfer,3,585,False
transfer,3,586,False
transfer,3,587,False
transfer,3,588,False
transfer,3,589,False
transfer,3,590,False
transfer,3,591,False
transfer,3,592,False
transfer,3,593,False
transfer,3,594,False
transfer,3,595,False
transfer,3,596,False
transfer,3,597,False
transfer,3,598,False
transfer,3,599,False
transfer,3,600,False
transfer,3,601,False
transfer,3,602,False
transfer,3,603,False
transfer,3,604,False
transfer,3,605,False
transfer,3,606,False
transfer,3,607,False
transfer,3,608,False
transfer,3,609,False
transfer,3,610,False
transfer,3,611,False
transfer,3,612,False
transfer,3,613,False
transfer,3,614,False
transfer,3,615,False
transfer,3,616,False
transfer,3,617,False
transfer,3,618,False
transfer,3,619,False
transfer,3,620,False
transfer,3,621,False
transfer,3,622,False
transfer,3,623,False
transfer,3,624,False
transfer,3,625,False
transfer,3,626,False
transfer,3,627,False
transfer,3,628,False
transfer,3,629,False
transfer,3,630,False
transfer,3,631,False
transfer,3,632,False
transfer,3,633,False
transfer,3,634,False
transfer,3,635,False
transfer,3,636,False
transfer,3,637,False
transfer,3,638,False
transfer,3,639,False
transfer,3,640,False
transfer,3,641,False
transfer,3,642,False
transfer,3,643,False
transfer,3,644,False
transfer,3,645,False
transfer,3,646,False
transfer,3,647,False
transfer,3,648,False
transfer,3,649,False
transfer,3,650,False
transfer,3,651,False
transfer,3,652,False
transfer,3,653,False
transfer,3,654,False
transfer,3,655,False
transfer,3,656,False
transfer,3,657,False
transfer,3,658,False
transfer,3,659,False
transfer,3,660,False
transfer,3,661,False
transfer,3,662,False
transfer,3,663,False
transfer,3,664,False
transfer,3,665,False
transfer,3,666,False
transfer,3,667,False
transfer,3,668,False
transfer,3,669,False
transfer,3,670,False
transfer,3,671,False
transfer,3,672,False
transfer,3,673,False
transfer,3,674,False
transfer,3,675,False
transfer,3,676,False
transfer,3,677,False
transfer,3,678,False
transfer,3,679,False
transfer,3,680,False
transfer,3,681,False
transfer,3,682,False
transfer,3,683,False
transfer,3,684,False
transfer,3,685,False
transfer,3,686,False
transfer,3,687,False
transfer,3,688,False
transfer,3,689,False
transfer,3,690,False
transfer,3,691,False
transfer,3,692,False
transfer,3,693,False
transfer,3,694,False
transfer,3,695,False
transfer,3,696,False
transfer,3,697,False
transfer,3,698,False
transfer,3,699,False
transfer,3,700,False
transfer,3,701,False
transfer,3,702,False
transfer,3,703,False
transfer,3,704,False
transfer,3,705,False
transfer,3,706,False
transfer,3,707,False
transfer,3,708,False
transfer,3,709,False
transfer,3,710,False
transfer,3,711,False
transfer,3,712,False
transfer,3,713,False
transfer,3,714,False
transfer,3,715,False
transfer,3,716,False
transfer,3,717,False
transfer,3,718,False
transfer,3,719,False
transfer,3,720,False
transfer,3,721,False
transfer,3,722,False
transfer,3,723,False
transfer,3,724,False
transfer,3,725,False
transfer,3,726,False
transfer,3,727,False
transfer,3,728,False
transfer,3,729,False
transfer,3,730,False
transfer,3,731,False
transfer,3,732,False
transfer,3,733,False
transfer,3,734,False
transfer,3,735,False
transfer,3,736,False
transfer,3,737,False
transfer,3,738,False
transfer,3,739,False
transfer,3,740,False
transfer,3,741,False
transfer,3,742,False
transfer,3,743,False
transfer,3,744,False
transfer,3,745,False
transfer,3,746,False
transfer,3,747,False
transfer,3,748,False
transfer,3,749,False
transfer,3,750,False
transfer,3,751,False
transfer,3,752,False
transfer,3,753,False
transfer,3,754,False
transfer,3,755,False
transfer,3,756,False
transfer,3,757,False
transfer,3,758,False
transfer,3,759,False
transfer,3,760,False
transfer,3,761,False
transfer,3,762,False
transfer,3,763,False
transfer,3,764,False
transfer,3,765,False
transfer,3,766,False
transfer,3,767,False
transfer,3,768,False
transfer,3,769,False
transfer,3,770,False
transfer,3,771,False
transfer,3,772,False
transfer,3,773,False
transfer,3,774,False
transfer,3,775,False
transfer,3,776,False
transfer,3,777,False
transfer,3,778,False
transfer,3,779,False
transfer,3,780,False
transfer,3,781,False
transfer,3,782,False
transfer,3,783,False
transfer,3,784,False
transfer,3,785,False
transfer,3,786,False
transfer,3,787,False
transfer,3,788,False
transfer,3,789,False
transfer,3,790,False
transfer,3,791,False
transfer,3,792,False
transfer,3,793,False
transfer,3,794,False
transfer,3,795,False
transfer,3,796,False
transfer,3,797,False
transfer,3,798,False
transfer,3,799,False
transfer,3,800,False
transfer,3,801,False
transfer,3,802,False
transfer,3,803,False
transfer,3,804,False
transfer,3,805,False
transfer,3,806,False
transfer,3,807,False
transfer,3,808,False
transfer,3,809,False
transfer,3,810,False
transfer,3,811,False
transfer,3,812,False
transfer,3,813,False
transfer,3,814,False
transfer,3,815,False
transfer,3,816,False
transfer,3,817,False
transfer,3,818,False
transfer,3,819,False
transfer,3,820,False
transfer,3,821,False
transfer,3,822,False
transfer,3,823,False
transfer,3,824,False
transfer,3,825,False
transfer,3,826,False
transfer,3,827,False
transfer,3,828,False
transfer,3,829,False
transfer,3,830,False
transfer,3,831,False
transfer,3,832,False
transfer,3,833,False
transfer,3,834,False
transfer,3,835,False
transfer,3,836,False
transfer,3,837,False
transfer,3,838,False
transfer,3,839,False
transfer,3,840,False
transfer,3,841,False
transfer,3,842,False
transfer,3,843,False
transfer,3,844,False
transfer,3,845,False
transfer,3,846,False
transfer,3,847,False
transfer,3,848,False
transfer,3,849,False
transfer,3,850,False
transfer,3,851,False
transfer,3,852,False
transfer,3,853,False
transfer,3,854,False
transfer,3,855,False
transfer,3,856,False
transfer,3,857,False
transfer,3,858,False
transfer,3,859,False
transfer,3,860,False
transfer,3,861,False
transfer,3,862,False
transfer,3,863,False
transfer,3,864,False
transfer,3,865,False
transfer,3,866,False
transfer,3,867,False
transfer,3,868,False
transfer,3,869,False
transfer,3,870,False
transfer,3,871,False
transfer,3,872,False
transfer,3,873,False
transfer,3,874,False
transfer,3,875,False
transfer,3,876,False
transfer,3,877,False
transfer,3,878,False
transfer,3,879,False
transfer,3,880,False
transfer,3,881,False
transfer,3,882,False
transfer,3,883,False
transfer,3,884,False
transfer,3,885,False
transfer,3,886,False
transfer,3,887,False
transfer,3,888,False
transfer,3,889,False
transfer,3,890,False
transfer,3,891,False
transfer,3,892,False
transfer,3,893,False
transfer,3,894,False
transfer,3,895,False
transfer,3,896,False
transfer,3,897,False
transfer,3,898,False
transfer,3,899,False
transfer,3,900,False
transfer,3,901,False
transfer,3,902,False
transfer,3,903,False
transfer,3,904,False
transfer,3,905,False
transfer,3,906,False
transfer,3,907,False
transfer,3,908,False
transfer,3,909,False
transfer,3,910,False
transfer,3,911,False
transfer,3,912,False
transfer,3,913,False
transfer,3,914,False
transfer,3,915,False
transfer,3,916,False
transfer,3,917,False
transfer,3,918,False
transfer,3,919,False
transfer,3,920,False
transfer,3,921,False
transfer,3,922,False
transfer,3,923,False
transfer,3,924,False
transfer,3,925,False
transfer,3,926,False
transfer,3,927,False
transfer,3,928,False
transfer,3,929,False
transfer,3,930,False
transfer,3,931,False
transfer,3,932,False
transfer,3,933,False
transfer,3,934,False
transfer,3,935,False
transfer,3,936,False
transfer,3,937,False
transfer,3,938,False
transfer,3,939,False
transfer,3,940,False
transfer,3,941,False
transfer,3,942,False
transfer,3,943,False
transfer,3,944,False
transfer,3,945,False
transfer,3,946,False
transfer,3,947,False
transfer,3,948,False
transfer,3,949,False
transfer,3,950,False
transfer,3,951,False
transfer,3,952,False
transfer,3,953,False
transfer,3,954,False
transfer,3,955,False
transfer,3,956,False
transfer,3,957,False
transfer,3,958,False
transfer,3,959,False
transfer,3,960,False
transfer,3,961,False
transfer,3,962,False
transfer,3,963,False
transfer,3,964,False
transfer,3,965,False
transfer,3,966,False
transfer,3,967,False
transfer,3,968,False
transfer,3,969,False
transfer,3,970,False
transfer,3,971,False
transfer,3,972,False
transfer,3,973,False
transfer,3,974,False
transfer,3,975,False
transfer,3,976,False
transfer,3,977,False
transfer,3,978,False
transfer,3,979,False
transfer,3,980,False
transfer,3,981,False
transfer,3,982,False
transfer,3,983,False
transfer,3,984,False
transfer,3,985,False
transfer,3,986,False
transfer,3,987,False
transfer,3,988,False
transfer,3,989,False
transfer,3,990,False
transfer,3,991,False
transfer,3,992,False
transfer,3,993,False
transfer,3,994,False
transfer,3,995,False
transfer,3,996,False
transfer,3,997,False
transfer,3,998,False
transfer,3,999,False
transfer,3,1000,False
transfer,3,1001,False
transfer,3,1002,False
transfer,3,1003,False
transfer,3,1004,False
transfer,3,1005,False
transfer,3,1006,False
transfer,3,1007,False
transfer,3,1008,False
transfer,3,1009,False
transfer,3,1010,False
transfer,3,1011,False
transfer,3,1012,False
transfer,3,1013,False
transfer,3,1014,False
transfer,3,1015,False
transfer,3,1016,False
transfer,3,1017,False
transfer,3,1018,False
transfer,3,1019,False
transfer,3,1020,False
transfer,3,1021,False
transfer,3,1022,False
transfer,3,1023,False
transfer,3,1024,False
transfer,3,1025,False
transfer,3,1026,False
transfer,3,1027,False
transfer,3,1028,False
transfer,3,1029,False
transfer,3,1030,False
transfer,3,1031,False
transfer,3,1032,False
transfer,3,1033,False
transfer,3,1034,False
transfer,3,1035,False
transfer,3,1036,False
transfer,3,1037,False
transfer,3,1038,False
transfer,3,1039,False
transfer,3,1040,False
transfer,3,1041,False
transfer,3,1042,False
transfer,3,1043,False
transfer,3,1044,False
transfer,3,1045,False
transfer,3,1046,False
transfer,3,1047,False
transfer,3,1048,False
transfer,3,1049,False
transfer,3,1050,False
transfer,3,1051,False
transfer,3,1052,False
transfer,3,1053,False
transfer,3,1054,False
transfer,3,1055,False
transfer,3,1056,False
transfer,3,1057,False
transfer,3,1058,False
transfer,3,1059,False
transfer,3,1060,False
transfer,3,1061,False
transfer,3,1062,False
transfer,3,1063,False
transfer,3,1064,False
transfer,3,1065,False
transfer,3,1066,False
transfer,3,1067,False
transfer,3,1068,False
transfer,3,1069,False
transfer,3,1070,False
transfer,3,1071,False
transfer,3,1072,False
transfer,3,1073,False
transfer,3,1074,False
transfer,3,1075,False
transfer,3,1076,False
transfer,3,1077,False
transfer,3,1078,False
transfer,3,1079,False
transfer,3,1080,False
transfer,3,1081,False
transfer,3,1082,False
transfer,3,1083,False
transfer,3,1084,False
transfer,3,1085,False
transfer,3,1086,False
transfer,3,1087,False
transfer,3,1088,False
transfer,3,1089,False
transfer,3,1090,False
transfer,3,1091,False
transfer,3,1092,False
transfer,3,1093,False
transfer,3,1094,False
transfer,3,1095,False
transfer,3,1096,False
transfer,3,1097,False
transfer,3,1098,False
transfer,3,1099,False
transfer,3,1100,False
transfer,3,1101,False
transfer,3,1102,False
transfer,3,1103,False
transfer,3,1104,False
transfer,3,1105,False
transfer,3,1106,False
transfer,3,1107,False
transfer,3,1108,False
transfer,3,1109,False
transfer,3,1110,False
transfer,3,1111,False
transfer,3,1112,False
transfer,3,1113,False
transfer,3,1114,False
transfer,3,1115,False
transfer,3,1116,False
transfer,3,1117,False
transfer,3,1118,False
transfer,3,1119,False
transfer,3,1120,False
transfer,3,1121,False
transfer,3,1122,False
transfer,3,1123,False
transfer,3,1124,False
transfer,3,1125,False
transfer,3,1126,False
transfer,3,1127,False
transfer,3,1128,False
transfer,3,1129,False
transfer,3,1130,False
transfer,3,1131,False
transfer,3,1132,False
transfer,3,1133,False
transfer,3,1134,False
transfer,3,1135,False
transfer,3,1136,False
transfer,3,1137,False
transfer,3,1138,False
transfer,3,1139,False
transfer,3,1140,False
transfer,3,1141,False
transfer,3,1142,False
transfer,3,1143,False
transfer,3,1144,False
transfer,3,1145,False
transfer,3,1146,False
transfer,3,1147,False
transfer,3,1148,False
transfer,3,1149,False
transfer,3,1150,False
transfer,3,1151,False
transfer,3,1152,False
transfer,3,1153,False
transfer,3,1154,False
transfer,3,1155,False
transfer,3,1156,False
transfer,3,1157,False
transfer,3,1158,False
transfer,3,1159,False
transfer,3,1160,False
transfer,3,1161,False
transfer,3,1162,False
transfer,3,1163,False
transfer,3,1164,False
transfer,3,1165,False
transfer,3,1166,False
transfer,3,1167,False
transfer,3,1168,False
transfer,3,1169,False
transfer,3,1170,False
transfer,3,1171,False
transfer,3,1172,False
transfer,3,1173,False
transfer,3,1174,False
transfer,3,1175,False
transfer,3,1176,False
transfer,3,1177,False
transfer,3,1178,False
transfer,3,1179,False
transfer,3,1180,False
transfer,3,1181,False
transfer,3,1182,False
transfer,3,1183,False
transfer,3,1184,False
transfer,3,1185,False
transfer,3,1186,False
transfer,3,1187,False
transfer,3,1188,False
transfer,3,1189,False
transfer,3,1190,False
transfer,3,1191,False
transfer,3,1192,False
transfer,3,1193,False
transfer,3,1194,False
transfer,3,1195,False
transfer,3,1196,False
transfer,3,1197,False
transfer,3,1198,False
transfer,3,1199,False
transfer,3,1200,False
transfer,3,1201,False
transfer,3,1202,False
transfer,3,1203,False
transfer,3,1204,False
transfer,3,1205,False
transfer,3,1206,False
transfer,3,1207,False
transfer,3,1208,False
transfer,3,1209,False
transfer,3,1210,False
transfer,3,1211,False
transfer,3,1212,False
transfer,3,1213,False
transfer,3,1214,False
transfer,3,1215,False
transfer,3,1216,False
transfer,3,1217,False
transfer,3,1218,False
transfer,3,1219,False
transfer,3,1220,False
transfer,3,1221,False
transfer,3,1222,False
transfer,3,1223,False
transfer,3,1224,False
transfer,3,1225,False
transfer,3,1226,False
transfer,3,1227,False
transfer,3,1228,False
transfer,3,1229,False
transfer,3,1230,False
transfer,3,1231,False
transfer,3,1232,False
transfer,3,1233,False
transfer,3,1234,False
transfer,3,1235,False
transfer,3,1236,False
transfer,3,1237,False
transfer,3,1238,False
transfer,3,1239,False
transfer,3,1240,False
transfer,3,1241,False
transfer,3,1242,False
transfer,3,1243,False
transfer,3,1244,False
transfer,3,1245,False
transfer,3,1246,False
transfer,3,1247,False
transfer,3,1248,False
transfer,3,1249,False
transfer,3,1250,False
transfer,3,1251,False
transfer,3,1252,False
transfer,3,1253,False
transfer,3,1254,False
transfer,3,1255,False
transfer,3,1256,False
transfer,3,1257,False
transfer,3,1258,False
transfer,3,1259,False
transfer,3,1260,False
transfer,3,1261,False
transfer,3,1262,False
transfer,3,1263,False
transfer,3,1264,False
transfer,3,1265,False
transfer,3,1266,False
transfer,3,1267,False
transfer,3,1268,False
transfer,3,1269,False
transfer,3,1270,False
transfer,3,1271,False
transfer,3,1272,False
transfer,3,1273,False
transfer,3,1274,False
transfer,3,1275,False
transfer,3,1276,False
transfer,3,1277,False
transfer,3,1278,False
transfer,3,1279,False
transfer,3,1280,False
transfer,3,1281,False
transfer,3,1282,False
transfer,3,1283,False
transfer,3,1284,False
transfer,3,1285,False
transfer,3,1286,False
transfer,3,1287,False
transfer,3,1288,False
transfer,3,1289,False
transfer,3,1290,False
transfer,3,1291,False
transfer,3,1292,False
transfer,3,1293,False
transfer,3,1294,False
transfer,3,1295,False
transfer,3,1296,False
transfer,3,1297,False
transfer,3,1298,False
transfer,3,1299,False
transfer,3,1300,False
transfer,3,1301,False
transfer,3,1302,False
transfer,3,1303,False
transfer,3,1304,False
transfer,3,1305,False
transfer,3,1306,False
transfer,3,1307,False
transfer,3,1308,False
transfer,3,1309,False
transfer,3,1310,False
transfer,3,1311,False
transfer,3,1312,False
transfer,3,1313,False
transfer,3,1314,False
transfer,3,1315,False
transfer,3,1316,False
transfer,3,1317,False
transfer,3,1318,False
transfer,3,1319,False
transfer,3,1320,False
transfer,3,1321,False
transfer,3,1322,False
transfer,3,1323,False
transfer,3,1324,False
transfer,3,1325,False
transfer,3,1326,False
transfer,3,1327,False
transfer,3,1328,False
transfer,3,1329,False
transfer,3,1330,False
transfer,3,1331,False
transfer,3,1332,False
transfer,3,1333,False
transfer,3,1334,False
transfer,3,1335,False
transfer,3,1336,False
transfer,3,1337,False
transfer,3,1338,False
transfer,3,1339,False
transfer,3,1340,False
transfer,3,1341,False
transfer,3,1342,False
transfer,3,1343,False
transfer,3,1344,False
transfer,3,1345,False
transfer,3,1346,False
transfer,3,1347,False
transfer,3,1348,False
transfer,3,1349,False
transfer,3,1350,False
transfer,3,1351,False
transfer,3,1352,False
transfer,3,1353,False
transfer,3,1354,False
transfer,3,1355,False
transfer,3,1356,False
transfer,3,1357,False
transfer,3,1358,False
transfer,3,1359,False
transfer,3,1360,False
transfer,3,1361,False
transfer,3,1362,False
transfer,3,1363,False
transfer,3,1364,False
transfer,3,1365,False
transfer,3,1366,False
transfer,3,1367,False
transfer,3,1368,False
transfer,3,1369,False
transfer,3,1370,False
transfer,3,1371,False
transfer,3,1372,False
transfer,3,1373,False
transfer,3,1374,False
transfer,3,1375,False
transfer,3,1376,False
transfer,3,1377,False
transfer,3,1378,False
transfer,3,1379,False
transfer,3,1380,False
transfer,3,1381,False
transfer,3,1382,False
transfer,3,1383,False
transfer,3,1384,False
transfer,3,1385,False
transfer,3,1386,False
transfer,3,1387,False
transfer,3,1388,False
transfer,3,1389,False
transfer,3,1390,False
transfer,3,1391,False
transfer,3,1392,False
transfer,3,1393,False
transfer,3,1394,False
transfer,3,1395,False
transfer,3,1396,False
transfer,3,1397,False
transfer,3,1398,False
transfer,3,1399,False
transfer,3,1400,False
transfer,3,1401,False
transfer,3,1402,False
transfer,3,1403,False
transfer,3,1404,False
transfer,3,1405,False
transfer,3,1406,False
transfer,3,1407,False
transfer,3,1408,False
transfer,3,1409,False
transfer,3,1410,False
transfer,3,1411,False
transfer,3,1412,False
transfer,3,1413,False
transfer,3,1414,False
transfer,3,1415,False
transfer,3,1416,False
transfer,3,1417,False
transfer,3,1418,False
transfer,3,1419,False
transfer,3,1420,False
transfer,3,1421,False
transfer,3,1422,False
transfer,3,1423,False
transfer,3,1424,False
transfer,3,1425,False
transfer,3,1426,False
transfer,3,1427,False
transfer,3,1428,False
transfer,3,1429,False
transfer,3,1430,False
transfer,3,1431,False
transfer,3,1432,False
transfer,3,1433,False
transfer,3,1434,False
transfer,3,1435,False
transfer,3,1436,False
transfer,3,1437,False
transfer,3,1438,False
transfer,3,1439,False
transfer,3,1440,False
transfer,3,1441,False
transfer,3,1442,False
transfer,3,1443,False
transfer,3,1444,False
transfer,3,1445,False
transfer,3,1446,False
transfer,3,1447,False
transfer,3,1448,False
transfer,3,1449,False
transfer,3,1450,False
transfer,3,1451,False
transfer,3,1452,False
transfer,3,1453,False
transfer,3,1454,False
transfer,3,1455,False
transfer,3,1456,False
transfer,3,1457,False
transfer,3,1458,False
transfer,3,1459,False
transfer,3,1460,False
transfer,3,1461,False
transfer,3,1462,False
transfer,3,1463,False
transfer,3,1464,False
transfer,3,1465,False
transfer,3,1466,False
transfer,3,1467,False
transfer,3,1468,False
transfer,3,1469,False
transfer,3,1470,False
transfer,3,1471,False
transfer,3,1472,False
transfer,3,1473,False
transfer,3,1474,False
transfer,3,1475,False
transfer,3,1476,False
transfer,3,1477,False
transfer,3,1478,False
transfer,3,1479,False
transfer,3,1480,False
transfer,3,1481,False
transfer,3,1482,False
transfer,3,1483,False
transfer,3,1484,False
transfer,3,1485,False
transfer,3,1486,False
transfer,3,1487,False
transfer,3,1488,False
transfer,3,1489,False
transfer,3,1490,False
transfer,3,1491,False
transfer,3,1492,False
transfer,3,1493,False
transfer,3,1494,False
transfer,3,1495,False
transfer,3,1496,False
transfer,3,1497,False
transfer,3,1498,False
transfer,3,1499,False
